sample,rep_1,rep_2,Pass_coverage,hhsubid
100101002,4383.39491020968,10912.5890044477,Pass,100101
100101003,5986.22439220145,11215.6261244691,Pass,100101
100101004,7909.43213055546,4310.59137879143,Pass,100101
100101005,9621.09122830485,5849.14179179347,Pass,100101
100101006,4032.13433434772,1956.0963782898,Pass,100101
100301001,7913.29866568572,5297.95599103769,Pass,100301
100301002,6566.74617931311,6941.85479717754,Pass,100301
100301003,6122.68672039595,8269.34728956961,Pass,100301
100301004,7404.32515132261,9885.73919004782,Pass,100301
100301005,4023.13941744975,2673.00668829214,Pass,100301
100301006,1570.73681570411,1290.83760826673,Pass,100301
100301009,3231.5465337926,3361.57656422433,Pass,100301
100501002,8491.04394207939,8551.47256128148,Pass,100501
100501003,4865.74949001772,6150.86656857172,Pass,100501
100501004,4425.06888940909,4868.9992308464,Pass,100501
100501005,7961.0371200214,6444.39173327091,Pass,100501
100501006,9636.5440591245,13650.5073069592,Pass,100501
100501007,3850.41724910544,2872.65207504264,Pass,100501
100501008,3393.25388756981,2423.71598167408,Pass,100501
100601001,9883.00494933619,7235.37056482627,Pass,100601
100601002,9289.63639099756,7664.83446476942,Pass,100601
100601003,7909.15580376551,7449.65595425208,Pass,100601
100601004,4161.8362706083,11247.847139083,Pass,100601
100601005,2518.52877637695,9819.03424405578,Pass,100601
100703001,2313.43340133097,2562.90606293683,Pass,100703
100703002,13502.1190181587,3612.83272581346,Pass,100703
100703008,2240.95134267465,1105.36574925593,Pass,100703
100703009,9755.50386248871,6946.5485737217,Pass,100703
100703010,3088.87750392937,3204.15667324349,Pass,100703
100801001,7820.19543189647,8833.24602882654,Pass,100801
100801002,8643.44072501087,7705.36069959536,Pass,100801
100801003,7185.53927699562,10012.5350299301,Pass,100801
100801004,8957.09838477745,13907.7447078888,Pass,100801
100801005,4229.35033274253,6392.10791559375,Pass,100801
100801006,6934.65799418119,7419.29318128616,Pass,100801
100801007,4405.68391131325,4502.870581547,Pass,100801
100801008,1249.21944286526,2050.50045145972,Pass,100801
101102001,7884.62378356687,8413.12721131659,Pass,101102
101102003,5691.83563522055,9860.50917968097,Pass,101102
101102004,7646.76497341404,10447.0697588871,Pass,101102
101102005,6789.0453800622,13536.2167675484,Pass,101102
101102006,5168.65786041534,6269.65762632512,Pass,101102
101102007,7701.17546734441,3784.56940775173,Pass,101102
101102008,9909.02193759823,8763.70377554092,Pass,101102
101102009,1572.45403471224,1831.45099153931,Pass,101102
101104001,7635.7713941745,14064.2144266462,Pass,101104
101104003,10662.7034076848,7543.75152994683,Pass,101104
101104010,2268.6494666087,3993.6550847741,Pass,101104
101105001,4419.02621810521,13800.8302511454,Pass,101105
101105003,6674.31836270608,9357.33224091228,Pass,101105
101105004,3659.5256663211,9133.51212252951,Pass,101105
101105005,3301.7059157944,5903.48185800756,Pass,101105
101105006,1988.91940607966,2489.89425810119,Pass,101105
101105007,3224.42433869511,4700.34575126242,Pass,101105
101105008,3248.48423235127,3344.06594656055,Pass,101105
101105009,4541.67822626492,4814.018727218,Pass,101105
101105010,7677.56576263251,9208.8475069391,Pass,101105
101201001,7893.50901247367,7941.89837140086,Pass,101201
101201002,3865.61943617697,4786.63401665385,Pass,101201
101201003,6858.02397752734,9326.15433234124,Pass,101201
101201004,7468.574290205,10732.6335819149,Pass,101201
101201005,8570.17312644216,12610.0025749925,Pass,101201
101201006,5585.82938166739,8500.70708624553,Pass,101201
101201007,3847.48021937598,6171.66468247333,Pass,101201
101201008,1228.61197873123,3567.73935725513,Pass,101201
101701001,6375.47801223958,17365.7786844129,Pass,101701
101701003,2342.10570845735,10701.5697087249,Pass,101701
101701004,1016.99715747584,1554.69511420259,Pass,101701
101701005,2297.78460355148,3545.18071765375,Pass,101701
101703003,10258.304785473,4780.75062702739,Pass,101703
101703004,6695.15443266562,2891.96247868107,Pass,101703
101703005,7621.16984917901,3776.63639099756,Pass,101703
101703006,3063.7936996288,2623.33989900679,Pass,101703
101703007,1008.54783800956,1369.26000735712,Pass,101703
101703008,3846.00083603652,3733.63689261947,Pass,101703
101703009,2352.48319566599,4380.92455606461,Pass,101703
101703010,4650.85810788215,6673.04263786242,Pass,101703
101902001,14224.9065980002,3917.33107046116,Pass,101902
101902002,8356.85630204327,3699.22883991573,Pass,101902
101902004,9900.41838611511,1967.88245326556,Pass,101902
101902005,7842.23061231315,5781.20573186637,Pass,101902
101902006,6261.93087650069,6618.57917265826,Pass,101902
101902007,1842.94084205598,2645.50764137378,Pass,101902
101902008,1175.30645754607,1454.42708089489,Pass,101902
102101002,5274.61826572585,3901.38675049326,Pass,102101
102101003,3055.71039695014,3805.76811691135,Pass,102101
102101004,6487.1209912049,4406.15663980203,Pass,102101
102102001,7646.41216600341,5997.4716918035,Pass,102102
102102003,6587.52947864763,5190.0888874026,Pass,102102
102102005,4482.37825636224,4088.64063806307,Pass,102102
102201002,7965.93378590777,7834.20345784704,Pass,102201
102201003,8681.10122730161,6188.82088753637,Pass,102201
102201004,4093.88930876501,8044.77918603485,Pass,102201
102201005,4941.53760492258,7638.71624920577,Pass,102201
102201006,13248.4225662977,5638.09958867003,Pass,102201
102201007,1203.67267498244,6517.12129217804,Pass,102201
102201008,5387.11430291275,6494.66846135839,Pass,102201
102201009,7919.132394743,6428.42457278534,Pass,102201
102201010,3376.62351603518,6472.89904023008,Pass,102201
102202006,7540.67371166773,5702.23081296191,Pass,102202
102202008,8023.0424037722,6341.68123599639,Pass,102202
102202009,15227.6256562887,5549.5948901448,Pass,102202
102202010,17191.9687991171,6398.90368859312,Pass,102202
102301002,12394.0879844832,8734.5170718657,Pass,102301
102301003,9610.39922415811,6859.41273450824,Pass,102301
102301004,11814.1857338729,9294.88740260175,Pass,102301
102301005,9687.50051834264,6194.45684379494,Pass,102301
102301006,9487.38300504966,7163.83881215932,Pass,102301
102301007,6175.36029829783,6715.17285891048,Pass,102301
102301008,2970.15169046584,7938.58990736715,Pass,102301
102301009,2280.01223957462,3534.11610875163,Pass,102301
102301010,2855.10530715982,2936.23740092967,Pass,102301
102303005,3737.50041801826,5084.77988830552,Pass,102303
102303007,6303.83730729358,3629.84740661472,Pass,102303
102303008,9121.26917031736,9296.3227769789,Pass,102303
102303009,6640.50443099355,9400.99652208808,Pass,102303
102303010,11499.5200481557,10115.3241146373,Pass,102303
102401002,11829.2202789018,8220.99394709561,Pass,102401
102401003,12014.7834999833,6053.20696920041,Pass,102401
102401004,2678.70768819182,6048.56305387419,Pass,102401
102401005,3305.17968096846,5305.22081396515,Pass,102401
102401006,2141.75507474166,5232.98277764773,Pass,102401
102401007,4571.01357723305,6195.20098317895,Pass,102401
102501007,1673.58432264321,7712.67755743571,Pass,102501
102601002,6886.83714008628,9159.70056516069,Pass,102601
102601003,4780.34147075544,9511.29441862021,Pass,102601
102601004,7993.62652576665,5126.22957562786,Pass,102601
102601005,7557.15496772899,4024.59880279571,Pass,102601
102602001,6393.40781861352,9683.31337992844,Pass,102602
102602003,4455.11202889342,3253.85071731933,Pass,102602
102602004,13484.8716182323,3709.95472026218,Pass,102602
102602005,8629.99103768853,2716.80018727218,Pass,102602
102602006,4705.78035648597,1693.18459686319,Pass,102602
102602008,2771.2284386182,2620.75423870515,Pass,102602
102602010,3063.25455639902,4030.75413838076,Pass,102602
102603001,1453.63766177307,2258.49500050162,Pass,102603
102603003,9286.18931210915,2567.65448282781,Pass,102603
102603004,8965.39276995619,1228.87673477578,Pass,102603
102603006,7347.76828411865,2663.57151456376,Pass,102603
102603007,9406.00431394843,3900.94943651139,Pass,102603
102603008,7076.96445172725,6932.66474935625,Pass,102603
102603009,9724.03404340702,3870.16476607698,Pass,102603
102603010,3780.26428786409,7039.44905193459,Pass,102603
102604007,6606.16316088687,3141.4562752901,Pass,102604
102604009,9502.23459184697,6301.51871049727,Pass,102604
102604010,4524.51479784637,7641.14944988797,Pass,102604
102701002,1635.53850784202,7433.34127010668,Pass,102701
102701003,6575.09189713407,5638.91880413336,Pass,102701
102701004,7829.48125606126,4521.82593719694,Pass,102701
102703005,8159.1489148246,8572.08049359596,Pass,102703
102703007,5140.64739323814,7973.59967227368,Pass,102703
102703008,3252.94492191419,1934.18616861185,Pass,102703
102801002,4983.53646791292,3811.321840618,Pass,102801
102801003,5051.16908002542,8221.71374109621,Pass,102801
102801004,4926.66421429288,5069.70805604789,Pass,102801
102801005,5194.31184162124,4903.33752466308,Pass,102801
102901002,5850.64073838745,4529.58639601378,Pass,102901
102901003,3958.82737517975,1666.14470120055,Pass,102901
102901004,5768.06661538976,9159.00454803866,Pass,102901
102901005,4962.22044610909,7618.31351369428,Pass,102901
102901006,4622.32123867171,1648.07751730596,Pass,102901
102901010,4039.76928736247,7944.27231381467,Pass,102901
102902001,4293.31200882855,2715.16854496204,Pass,102902
102902004,6548.30505300471,8487.74353743771,Pass,102902
102902005,5505.0628365047,8420.08584422968,Pass,102902
102902006,7231.2580677524,6892.19091729927,Pass,102902
102902007,4033.03501320938,9847.31719225496,Pass,102902
102902008,5703.40320369194,1115.214560412,Pass,102902
102902009,5250.34518275758,6778.31113935057,Pass,102902
102902010,2435.58372069692,2794.39638163395,Pass,102902
103001002,4117.85105173394,17803.7656756847,Pass,103001
103001003,6442.20539745176,8637.91372103133,Pass,103001
103001004,6150.62933484935,5696.74745008862,Pass,103001
103001005,4229.49637160151,6952.63341470755,Pass,103001
103001006,9939.54486171956,10162.593017423,Pass,103001
103001007,9361.01040029428,6247.42714777781,Pass,103001
103001008,7708.20375882019,14472.4882118851,Pass,103001
103001009,4332.08631241013,4155.73474233355,Pass,103001
103001010,5853.02899374645,5307.28351670401,Pass,103001
103002006,6157.64856368926,3009.55352305789,Pass,103002
103002007,9159.73353844096,9689.36096712704,Pass,103002
103002008,5438.30953416045,4936.73751797479,Pass,103002
103002009,7314.69788984383,4628.27625990703,Pass,103002
103002010,3736.89907367154,8428.88419222152,Pass,103002
103101002,5443.79874928937,4566.86977895194,Pass,103101
103101003,2613.84891148045,6001.35441260074,Pass,103101
103101004,2600.57298598803,13756.67009999,Pass,103101
103101005,6654.65872989332,10671.7271845634,Pass,103101
103101006,8835.12069023175,11663.2374343711,Pass,103101
103101007,3670.70026418754,3764.82904725278,Pass,103101
103101010,1481.47192589372,2241.48934889476,Pass,103101
103201002,4368.60311674414,8736.51436310738,Pass,103201
103201003,3187.55720161857,10117.7727652744,Pass,103201
103201004,4367.29752867605,3278.21425943885,Pass,103201
103201005,7683.84994816574,12333.5025917132,Pass,103201
103201006,6281.4570444437,3147.5607464134,Pass,103201
103201007,6622.37501254055,1783.69237200281,Pass,103201
103202001,6744.78614185868,7679.29224492526,Pass,103202
103202003,8855.9129853192,6148.14871417584,Pass,103202
103202004,6521.84513259539,2999.07417315988,Pass,103202
103202005,10378.0645085777,9592.4958699796,Pass,103202
103202006,6463.38919171989,10486.7599906364,Pass,103202
103202007,4564.10313346487,3225.1815202488,Pass,103202
103202008,4915.76932080393,8764.69581647326,Pass,103202
103202009,1747.78965321205,2528.32361301542,Pass,103202
103202010,2645.4692171354,5281.49061967027,Pass,103202
103301002,9487.54258770023,7315.03758820185,Pass,103301
103301003,5894.59886967863,11926.6157910578,Pass,103301
103301004,5758.83921345684,5429.8216232485,Pass,103301
103301006,3157.08280105675,2540.78182791024,Pass,103301
103302006,7193.01324281845,4064.00361167776,Pass,103302
103302008,10263.3726047554,13574.2253954453,Pass,103302
103302009,5104.50911279805,1719.17449754205,Pass,103302
103302010,5282.20064876434,14730.8952947865,Pass,103302
103401002,5822.29803029796,6413.44567434706,Pass,103401
103401003,3670.5965956593,4711.63642443902,Pass,103401
103401004,10192.1512557269,9522.2747550413,Pass,103401
103401005,3693.70594923586,4719.25479048925,Pass,103401
103401006,5936.56626425442,3316.29271310571,Pass,103401
103401007,6648.13721031335,4750.28559007457,Pass,103401
103402001,6605.51148714176,16637.0182590376,Pass,103402
103402003,3115.44283182289,5001.14389860549,Pass,103402
103402004,11240.7308296826,14166.2645888372,Pass,103402
103402005,6646.85486406046,8021.20319031535,Pass,103402
103402006,9743.88496137511,9167.99976590978,Pass,103402
103402007,9813.18215563656,4572.50155502792,Pass,103402
103402008,3188.19569942815,2738.51259070996,Pass,103402
103403001,9924.10029094071,8456.00729023844,Pass,103403
103403003,7811.10995552286,4496.26147878139,Pass,103403
103403004,10026.2051633615,7310.23445808113,Pass,103403
103403005,6128.18737250443,4201.4988462696,Pass,103403
103403006,2912.68411196201,1870.63976858509,Pass,103403
103404001,5753.64070494599,2835.59435508143,Pass,103404
103404003,11299.9868240645,4150.00060194629,Pass,103404
103404004,11131.4222653245,3308.66923051199,Pass,103404
103404005,7147.47386549844,1554.54783800956,Pass,103404
103404006,10294.793565863,2171.28605825502,Pass,103404
103404007,12766.7652743872,4322.03467879477,Pass,103404
103404008,12930.3428084139,3890.19660234759,Pass,103404
103404009,5620.90970805605,1780.22980971809,Pass,103404
103404010,2962.4216299368,3620.55549610407,Pass,103404
103501002,7991.78961977059,6609.94990469184,Pass,103501
103501003,9481.20713640772,5301.51576764873,Pass,103501
103501004,8604.33030130756,9186.09216466575,Pass,103501
103501005,7958.41627930308,4533.07925626191,Pass,103501
103501006,7900.54469451226,6692.32431528609,Pass,103501
103501007,9628.48901448015,7112.1776075979,Pass,103501
103501008,4240.03190315353,5018.36200381233,Pass,103501
103502001,6794.09039226833,7709.69976256563,Pass,103502
103502003,5798.77236397686,7316.91696485303,Pass,103502
103502004,8598.64013644116,8128.5247299602,Pass,103502
103502005,6909.85586730428,7677.63297996857,Pass,103502
103502006,7438.79828110892,5027.86322442564,Pass,103502
103502007,8653.60957094606,4467.78349998328,Pass,103502
103502008,9997.51493161221,5627.24499214126,Pass,103502
103502009,5497.18131960004,7290.87349095408,Pass,103502
103503001,7582.68698792763,6727.31378122596,Pass,103503
103503003,6482.1093201351,6004.7115339598,Pass,103503
103503004,10873.8230612313,15279.1369762231,Pass,103503
103503005,11111.351603518,14248.3589271979,Pass,103503
103503006,3395.18095174397,2254.00304317293,Pass,103503
103503007,2485.20847406615,4006.62478681069,Pass,103503
103503008,5442.41995786376,9604.94572450925,Pass,103503
103503009,3467.23245159349,4051.86315754272,Pass,103503
103504007,4900.55165033609,7900.98006888941,Pass,103504
103504008,7942.5958265057,7888.77126040865,Pass,103504
103504009,2201.52753904291,4778.11657693208,Pass,103504
103504010,7972.02514797846,8319.49804367455,Pass,103504
103601002,5563.55720161857,6215.22813764505,Pass,103601
103601003,3633.77610942046,10048.9405410828,Pass,103601
103601004,1128.34886131826,1205.92937163495,Pass,103601
103601005,2006.35638564692,2015.78761328295,Pass,103601
103602001,1259.1432966592,1782.13981874728,Pass,103602
103602003,14435.7772798716,10567.8261044042,Pass,103602
103701002,10686.5844898505,4111.40183259205,Pass,103701
103701004,11725.0267197271,4174.48413202689,Pass,103701
103701005,10448.8273751797,8020.86790623014,Pass,103701
103701006,8949.19482995017,14893.6684279169,Pass,103701
103701007,6874.99946493663,3783.74728288132,Pass,103701
103701008,3749.68183794268,5464.37233722369,Pass,103701
103701009,5060.6873557837,2517.56037855734,Pass,103701
103702006,9491.71313914992,4397.61635956259,Pass,103702
103702007,5662.4302243922,4601.68431261078,Pass,103702
103702008,12660.5391766712,3198.16336153563,Pass,103702
103702009,4577.78085810788,6241.34742333545,Pass,103702
103702010,9899.82085409491,9789.53412701067,Pass,103702
103801002,6320.17907902217,8211.03571548005,Pass,103801
103801003,7720.61963682574,2964.91616225797,Pass,103801
103801004,7432.30468514865,8925.08838578069,Pass,103801
103801005,7996.53857472494,7583.91666387988,Pass,103801
103801006,7093.13567200615,6279.24967394576,Pass,103801
103801007,6538.1191184831,6993.49714075511,Pass,103801
103801010,3541.75912115841,4489.56067953048,Pass,103801
103802003,2883.73176604354,3628.30822994348,Pass,103802
103802004,4657.79129184363,3904.12557268501,Pass,103802
103802005,4627.32036919373,10960.5303146841,Pass,103802
103802006,5537.09855198475,9340.71196869879,Pass,103802
103802007,3588.9945490419,2049.14132361302,Pass,103802
103802008,3715.07497575494,4917.87389225161,Pass,103802
103802009,6138.1526602682,9423.82944855031,Pass,103802
103802010,5504.27351770725,6085.50399625456,Pass,103802
103901003,4510.17560111026,9954.51951309233,Pass,103901
103901004,7498.83312711099,5727.37855733538,Pass,103901
103901005,7186.07139751864,10069.1357388891,Pass,103901
103901006,6564.25211517239,10012.2733839414,Pass,103901
103901008,7553.38039661572,10431.0848409859,Pass,103901
103901009,5107.87265491757,10119.6376283316,Pass,103901
103901010,6363.5616827743,7596.79196067284,Pass,103901
104001002,6551.83255860616,9893.1610875163,Pass,104001
104001003,1921.20268869344,5733.18533257533,Pass,104001
104001005,3365.84720596596,3680.17570143464,Pass,104001
104001007,1693.27843360198,2092.45600775842,Pass,104001
104002001,4862.81312911748,6998.37126709695,Pass,104002
104002003,7202.41467411297,9556.78135972979,Pass,104002
104002004,6004.89164966726,10562.3145169381,Pass,104002
104002005,5846.76570912617,10671.8269738822,Pass,104002
104002006,6588.88138313882,9485.34846002073,Pass,104002
104101002,4230.6485302478,8804.7500250811,Pass,104101
104101003,3271.47697555429,10337.9059626124,Pass,104101
104101004,1089.9666254222,2647.22676654516,Pass,104101
104102003,4317.91174798515,10365.6942112831,Pass,104102
104102004,3281.64150754105,11786.3264220981,Pass,104102
104102005,5062.77641039361,7516.88583085309,Pass,104102
104102006,5296.0795237936,7233.82112162659,Pass,104102
104102007,1753.18767347758,3978.09397050463,Pass,104102
104104001,7813.58395478714,13537.8704143397,Pass,104104
104201002,3828.91094539009,11221.1972711768,Pass,104201
104201003,5672.47580510317,8228.9452563288,Pass,104201
104201004,3866.51529946828,8512.4654716918,Pass,104201
104201005,5179.26020800589,7630.57405611477,Pass,104201
104201006,6019.80319700365,4794.65003511353,Pass,104201
104201007,6378.78640939036,4794.54278834899,Pass,104201
104201008,6194.62769621777,11401.4538675049,Pass,104201
104201009,4397.91465739224,4752.37089924088,Pass,104201
104201010,2949.94515600441,10160.5430893221,Pass,104201
104202001,6695.81202554928,7718.70942714778,Pass,104202
104202003,3843.62582349597,10091.9068320904,Pass,104202
104202004,2931.26254890814,9318.97632344581,Pass,104202
104202005,4054.8842925459,8583.42999030198,Pass,104202
104202006,11788.1392836839,11031.4324984115,Pass,104202
104202007,11409.7142092767,3664.2721131659,Pass,104202
104202008,4304.83112062335,2509.88723539444,Pass,104202
104202009,14554.8204193559,7969.21302210481,Pass,104202
104202010,13439.5070394275,3384.34929605725,Pass,104202
104401002,10139.9907032739,2169.25315185767,Pass,104401
104401003,10005.7415643915,5772.90492592716,Pass,104401
104501002,8909.87285556633,4038.77373507675,Pass,104501
104501004,11146.8344647694,5152.30899909708,Pass,104501
104501005,8121.65996722737,4824.57753402669,Pass,104501
104501006,2408.29732802729,2626.90746747818,Pass,104501
104701002,9564.71333979868,3466.10781526937,Pass,104701
104701004,9405.9409089389,1283.62946861519,Pass,104701
104701005,5729.15597097281,2152.7216667224,Pass,104701
104702004,2016.29508744942,2226.06193358526,Pass,104702
104702005,12420.8835233923,1887.65107179882,Pass,104702
104702006,9778.08975688058,2218.8435942882,Pass,104702
104702007,8168.23526067619,8535.67494900177,Pass,104702
104702008,6765.54379159282,1848.81911513895,Pass,104702
104702009,7683.55649934789,7032.61227970438,Pass,104702
104702010,4932.23011069123,5441.70946058924,Pass,104702
104703003,1792.7158813497,1528.43497307962,Pass,104703
104703005,7714.35471357389,6609.5163027121,Pass,104703
104703006,5803.35310838377,2765.62893355182,Pass,104703
104703007,6967.54308932214,6999.40828679397,Pass,104703
104703008,11921.0312677658,12205.0396950139,Pass,104703
104703009,7620.90315352975,9993.10667825971,Pass,104703
104901002,14045.7106644818,12166.2399424807,Pass,104901
104901003,7610.85085108518,6796.72236899308,Pass,104901
104901004,9128.22041266763,12658.3153529746,Pass,104901
104901005,6011.83135471357,4068.55158345317,Pass,104901
104901006,8521.02123532756,7423.93796609036,Pass,104901
104902003,9217.20877503929,4624.56733438117,Pass,104902
104902004,10781.9372972611,6047.90907266829,Pass,104902
104902005,8922.01782429857,21429.6855165034,Pass,104902
104902006,7166.64117312644,12280.5085442932,Pass,104902
105001003,10397.921680099,16821.8300839381,Pass,105001
105001004,9352.68401163763,4141.8214560412,Pass,105001
105001005,8962.51840952413,6011.44941979066,Pass,105001
105001006,10656.8841587801,12314.4684814233,Pass,105001
105001007,9127.02123532756,8729.40617998194,Pass,105001
105001008,8462.7846704344,1232.18713841421,Pass,105001
105001010,2188.27455439254,5863.52459619436,Pass,105001
105101003,8332.62107480855,1012.99401397853,Pass,105101
105101004,9509.71387486205,10181.7542721466,Pass,105101
105101005,8491.0963782898,3998.78868340969,Pass,105101
105101006,10572.2747550413,10350.4188208541,Pass,105101
105101007,10319.0519345885,11084.1112597398,Pass,105101
105101008,1863.95528876701,8817.5873992576,Pass,105101
105102001,9039.71865699094,11447.9128181119,Pass,105102
105102003,10284.4151422934,9627.83991572752,Pass,105102
105102004,5024.03661839949,2657.06494331672,Pass,105102
105102005,2253.28268066749,3760.4911881751,Pass,105102
105102006,6564.48727552419,10048.0342774972,Pass,105102
105102007,1666.30348125606,3303.99147242752,Pass,105102
105102009,3363.19566598669,9147.28933551817,Pass,105102
105103003,9265.43413704311,8846.46918369394,Pass,105103
105103004,9505.27482192422,2114.77620974484,Pass,105103
105103005,10216.7898204194,6683.49844497208,Pass,105103
105103006,10164.198374745,9327.75661304886,Pass,105103
105103007,9406.65618834231,19309.9718088486,Pass,105103
105103009,1077.87171855667,2515.32919773936,Pass,105103
105202001,11870.8464033709,10594.4616259238,Pass,105202
105202003,10499.1550011705,3957.88201852657,Pass,105202
105202004,4614.38711834933,5585.26525766645,Pass,105202
105701002,10520.6279971909,12996.7439721767,Pass,105701
105701003,12055.7653078286,12596.4545028927,Pass,105701
105701004,9378.27171186837,3339.48991739959,Pass,105701
105701005,7019.37912584022,6626.17877804902,Pass,105701
105701006,2406.39129853192,3437.52325853593,Pass,105701
105701007,4580.41989098084,6806.56669899341,Pass,105701
105701008,1145.75303481256,2226.69772263652,Pass,105701
105801002,7877.29498712504,5235.76196368257,Pass,105801
105801003,6990.19466274287,3394.70885864295,Pass,105801
105801004,6916.99461592482,2544.56312075711,Pass,105801
105801005,5294.9945490419,3935.16760860114,Pass,105801
105801006,6771.84198909808,4116.65802762265,Pass,105801
105901002,9671.43871852322,10472.1993779888,Pass,105901
105901003,9309.25154666756,3473.56629769588,Pass,105901
105901004,6188.66501688794,6349.25626191352,Pass,105901
105901005,7116.80506972545,7964.97943350165,Pass,105901
105901006,1848.16757515968,2517.13831388155,Pass,105901
105901007,1744.88740260175,1784.173694947,Pass,105901
105901008,5544.05390763469,2378.39477644383,Pass,105901
105901009,3496.4958699796,2031.24987459452,Pass,105901
106001002,4981.92866936428,2608.95789720095,Pass,106001
106001003,3610.07119686988,2911.7584523292,Pass,106001
106001004,4133.70902585025,2761.05123231783,Pass,106001
106001005,3369.82687355784,2724.54823930709,Pass,106001
106001006,8101.0241781761,5899.86974551048,Pass,106001
106001007,8501.04548038658,5215.12781326288,Pass,106001
106001008,1698.78370063204,1210.26371935926,Pass,106001
106001009,4739.29140888874,2859.44467110323,Pass,106001
106001010,1012.33685583386,1767.48306190014,Pass,106001
106002001,6611.93415376384,14690.075343611,Pass,106002
106002003,3284.43326756513,3531.09376985587,Pass,106002
106002004,3107.44905193459,2679.95187773802,Pass,106002
106003003,5536.94421964351,8797.99030197639,Pass,106003
106003004,9162.72554593185,7527.94585827509,Pass,106003
106003005,11713.2267331037,7338.60819984617,Pass,106003
106003006,8825.76166270943,5837.62853225429,Pass,106003
106003007,4990.85884359429,3572.16255894057,Pass,106003
106003008,1018.02250610307,1398.73283617028,Pass,106003
106003009,5327.41082834498,1533.51850984851,Pass,106003
106003010,3600.27649399726,3171.23345483731,Pass,106003
106004007,1568.65043641106,2268.37227034077,Pass,106004
106004008,9040.91057753403,4438.98772698391,Pass,106004
106004010,9298.94154432666,3826.92783332776,Pass,106004
106101002,1191.38083135471,11781.9570946059,Pass,106101
106101003,1825.86339163295,6601.96599003444,Pass,106101
106101004,1515.26779921747,2789.6412065679,Pass,106101
106101006,1351.01752332542,1714.99936461225,Pass,106101
106102001,1661.17904558071,3493.10035782363,Pass,106102
106102003,3373.40283583587,12282.3633080293,Pass,106102
106102004,1168.36969534829,3020.71344012306,Pass,106102
106102008,7395.30478547303,4732.1275457312,Pass,106102
106103001,2739.13938400829,8127.45249640504,Pass,106103
106103003,2017.61836605023,5713.34548373073,Pass,106103
106103004,1972.09042570979,6582.51693809986,Pass,106103
106103005,2580.36136842457,8756.20937698559,Pass,106103
106103010,1862.98605491088,2926.65806106411,Pass,106103
106201002,1404.30876500686,11165.8095174397,Pass,106201
106201003,3999.75116209076,16226.8632578671,Pass,106201
106201004,2311.91301876066,5600.4710898572,Pass,106201
106201005,6442.10901916196,3227.12373340468,Pass,106201
106201006,4308.23409022506,4752.88288800455,Pass,106201
106201007,4673.72778650971,7438.44564090559,Pass,106201
106201008,5725.13677557436,2460.30448449988,Pass,106201
106201009,10386.6863859813,3290.90355482728,Pass,106201
106201010,8619.98224258436,6352.47319666923,Pass,106201
106202004,5757.09440524362,1796.01244022339,Pass,106202
106202005,13214.668795773,8471.61950305989,Pass,106202
106202006,10164.5939872254,4137.07668126944,Pass,106202
106202008,8732.91776744808,5837.00869477979,Pass,106202
106202009,4567.41377119353,2918.60963782898,Pass,106202
106202010,5080.75778349998,13374.1637293917,Pass,106202
106301001,4152.02167006655,2421.43493963816,Pass,106301
106401002,8138.20616660536,17609.817376183,Pass,106401
106401003,7821.1147710932,10743.7749724108,Pass,106401
106401004,9962.56091362071,6140.83978196168,Pass,106401
106401005,1602.37260475538,12458.7040765141,Pass,106401
106701003,2788.73915660636,3065.02882653914,Pass,106701
106701004,6364.5967628666,12306.5860950406,Pass,106701
106701005,1236.3673878875,1611.1459385346,Pass,106701
106701006,2996.83630404976,2502.55516168946,Pass,106701
106701009,1976.0943383607,4288.58057719961,Pass,106701
106702001,2430.2162659265,2817.29605725178,Pass,106702
106702004,2107.07012674314,2665.38855633214,Pass,106702
106801002,4934.64819583319,10033.5014547035,Pass,106801
106803001,4265.22586362572,14345.9529813062,Pass,106803
106901002,6619.36210413671,9094.90730027088,Pass,106901
106901004,2701.31344681136,12083.739858877,Pass,106901
106901005,6434.63067250777,2457.87064842992,Pass,106901
106901006,7192.42708089489,5458.9409089389,Pass,106901
106901007,2999.95625856937,1979.22726816707,Pass,106901
106902001,4486.53536434471,4817.99993311708,Pass,106902
106902003,3700.94659398723,4726.8786743805,Pass,106902
106902004,8086.19462930141,9805.42688024613,Pass,106902
106902005,8452.62599070327,3780.96234491523,Pass,106902
106902006,4177.61271444337,6312.36531451694,Pass,106902
106902007,7873.50824332007,14874.8981038692,Pass,106902
106902008,7994.78998762666,14842.0046149216,Pass,106902
106902009,3415.637293917,17741.8758652978,Pass,106902
106902010,5295.64060462161,6334.98321238672,Pass,106902
106903001,7879.77801558372,5592.35374377153,Pass,106903
106903004,6095.33123766846,11379.0850416346,Pass,106903
106903005,5414.28441962345,1273.29933451493,Pass,106903
106903006,8939.01203892586,10120.1497174197,Pass,106903
106903008,5170.72892351938,8019.60696251212,Pass,106903
106903009,5239.44727953717,8713.10042470655,Pass,106903
106903010,5441.1367421329,12527.4297227703,Pass,106903
107001002,5040.91663043842,9688.5976992275,Pass,107001
107001003,5915.11975387085,2179.09473965823,Pass,107001
107001004,6084.43082633849,9792.52462963582,Pass,107001
107001005,5027.54860716316,10031.1558037655,Pass,107001
107001006,2012.2922114838,13358.8844263117,Pass,107001
107001007,9399.68605156673,11799.0503293984,Pass,107001
107001008,2696.6131157409,15498.3193659499,Pass,107001
107001009,8993.70410995552,13155.587064843,Pass,107001
107001010,5072.4108952279,7300.88201852657,Pass,107001
107002002,11309.0961107581,10765.6399357924,Pass,107002
107002004,4734.69788984383,8561.07363809651,Pass,107002
107002005,1344.78446978564,6476.73216734107,Pass,107002
107002007,6276.70671838946,27423.1499180684,Pass,107002
107002008,3403.56378958633,7877.83536768886,Pass,107002
107002009,4172.64231013611,10080.3130789553,Pass,107002
107002010,3071.18610172892,14605.1670735378,Pass,107002
107101002,12416.6062602414,1305.45293114403,Pass,107101
107101003,5797.41347022038,6945.09427147778,Pass,107101
107104001,8899.44520616661,8781.51503193659,Pass,107104
107201002,7658.22516135505,6211.33123766846,Pass,107201
107201003,11537.999565261,9662.47045446945,Pass,107201
107201004,4409.79851519914,1894.33207370498,Pass,107201
107301002,4319.99297729325,5013.83075276728,Pass,107301
107301004,6980.48249339531,6620.63007056148,Pass,107301
107301005,8365.98672374009,12676.8100190616,Pass,107301
107301006,7185.72387385881,9343.43641106244,Pass,107301
107301007,11468.5891047721,9824.7771795472,Pass,107301
107301008,1755.73704979434,2322.40256830418,Pass,107301
107302001,3942.00953081631,12489.3832056984,Pass,107302
107302003,6823.81232652242,8255.86462896699,Pass,107302
107302004,7133.13951777414,5712.09313446811,Pass,107302
107302005,5353.89873925693,7379.52118516537,Pass,107302
107302006,2317.4979099087,6610.8591780089,Pass,107302
107303003,5672.06778584089,8011.113667525,Pass,107303
107303004,7811.87777146106,2741.93559174665,Pass,107303
107303006,8539.92632846203,15275.6357890513,Pass,107303
107303007,6044.98190816975,10634.3677557436,Pass,107303
107303008,7942.93876868542,4867.07955723506,Pass,107303
107303009,4106.29181018627,9642.60495602448,Pass,107303
107303010,3244.39695013878,10919.4567100291,Pass,107303
107501002,6454.74163127445,10515.6771895796,Pass,107501
107501003,5108.41982409792,5945.5476373608,Pass,107501
107501004,4129.62843192991,9584.52994682808,Pass,107501
107501005,10062.4011972043,12097.9849179012,Pass,107501
107501006,3621.94264789486,6227.65702437882,Pass,107501
107501007,4852.86064943317,2711.54516269271,Pass,107501
107701003,11986.5266695649,3877.141758352,Pass,107701
107701006,6391.26519078353,8009.24546032171,Pass,107701
107701007,7509.28612513795,5445.37494565763,Pass,107701
107701009,4716.2987660101,4725.60462160987,Pass,107701
107702004,3030.77085911113,2015.53416045213,Pass,107702
107702005,3843.92963916664,3503.72273684915,Pass,107702
107702006,5032.88502825803,2273.90887201953,Pass,107702
107702007,2472.47537036418,9088.6862522155,Pass,107702
107702008,5054.04745343277,5725.28609169649,Pass,107702
107702009,4195.12172691703,4110.57345416848,Pass,107702
107702010,3923.45373373909,2772.14145737886,Pass,107702
107801002,4961.21221950975,4231.74454068154,Pass,107801
107801003,3685.41363742768,14445.4100257499,Pass,107801
107801004,2860.10136106745,4185.14807878808,Pass,107801
107801005,1472.62722803732,1871.71327291576,Pass,107801
107802001,5849.40581212587,3405.08938902451,Pass,107802
107802003,2692.40270207003,5269.12015516838,Pass,107802
107802004,3904.46751162091,7045.77567468147,Pass,107802
107802005,5141.87546400027,5637.42815102164,Pass,107802
107802006,5445.4762064007,6519.99612079056,Pass,107802
107802007,6421.18172089757,4358.52369327492,Pass,107802
