seqName,clade,Nextclade_pango,clade_nextstrain,clade_who
106101006,21K,BA.1.15,21K,Omicron
101201009,21J,AY.100,21J,Delta
103403009,21K,BA.1.1.18,21K,Omicron
105102003,21K,BA.1.1,21K,Omicron
104002001,21K,BA.1.20,21K,Omicron
103002009,21K,BA.1.1,21K,Omicron
103402004,21K,BA.1.1.18,21K,Omicron
104701003,21K,BA.1.1,21K,Omicron
100101008,21J,AY.25,21J,Delta
105202004,21K,BA.1.1,21K,Omicron
103802005,21K,BA.1.15,21K,Omicron
102901003,21K,BA.1.1,21K,Omicron
100801003,21J,AY.103,21J,Delta
104102003,21K,BA.1.1,21K,Omicron
104202003,21K,BA.1.1,21K,Omicron
104202006,21K,BA.1.1,21K,Omicron
104501006,21K,BA.1.15,21K,Omicron
103202003,21K,BA.1.1,21K,Omicron
103802007,21K,BA.1.15,21K,Omicron
106903001,21K,BA.1.1.18,21K,Omicron
102101006,21J,AY.3,21J,Delta
102401002,21K,BA.1.1.18,21K,Omicron
102901006,21K,BA.1.1,21K,Omicron
100801005,21J,AY.103,21J,Delta
107001007,21K,BA.1.20,21K,Omicron
101701003,21J,AY.103,21J,Delta
101701001,21J,AY.103,21J,Delta
103404004,21K,BA.1.1.18,21K,Omicron
104901002,21K,BA.1.1,21K,Omicron
106902010,21K,BA.1.1.18,21K,Omicron
105801003,21K,BA.1.15.2,21K,Omicron
106001005,21K,BA.1.1,21K,Omicron
105001007,21K,BA.1,21K,Omicron
107802004,21K,BA.1.1,21K,Omicron
106801004,21K,BA.1.1,21K,Omicron
107802006,21K,BA.1.1,21K,Omicron
100101005,21J,AY.25,21J,Delta
104901006,21K,BA.1.1,21K,Omicron
103901008,21K,BA.1.1.18,21K,Omicron
102201002,21J,AY.103,21J,Delta
104702006,21K,BA.1.1,21K,Omicron
104201010,21K,BA.1.1,21K,Omicron
102901005,21K,BA.1.1,21K,Omicron
101105007,21J,AY.103,21J,Delta
107303010,21K,BA.1.1,21K,Omicron
100501006,21J,AY.3,21J,Delta
106801009,21K,BA.1.1,21K,Omicron
106101004,21K,BA.1.15,21K,Omicron
100101004,21J,AY.25,21J,Delta
101902008,21J,AY.103,21J,Delta
103501008,21K,BA.1.1,21K,Omicron
101902009,21J,AY.103,21J,Delta
105001009,21K,BA.1,21K,Omicron
103402007,21K,BA.1.1.18,21K,Omicron
100601008,21J,AY.103,21J,Delta
104401005,21K,BA.1.1,21K,Omicron
106003010,21K,BA.1.1,21K,Omicron
103801007,21K,BA.1.15,21K,Omicron
106903009,21K,BA.1.1.18,21K,Omicron
106901008,21K,BA.1.1.18,21K,Omicron
102202006,21J,AY.103,21J,Delta
103702010,21K,BA.1.1,21K,Omicron
106803010,21K,BA.1.1.16,21K,Omicron
106702004,21K,BA.1.1.18,21K,Omicron
102401009,21K,BA.1.1,21K,Omicron
107802001,21K,BA.1.1,21K,Omicron
107303005,21K,BA.1.1,21K,Omicron
104702004,21K,BA.1.1,21K,Omicron
102301004,21K,BA.1.1.18,21K,Omicron
102601009,21K,BA.1.1,21K,Omicron
104202007,21K,BA.1.1,21K,Omicron
103302006,21K,BA.1.1.18,21K,Omicron
106003004,21K,BA.1.1,21K,Omicron
101102007,21J,AY.103,21J,Delta
103202004,21K,BA.1.1,21K,Omicron
100601001,21J,AY.25,21J,Delta
101703007,21J,AY.103,21J,Delta
100301007,21J,AY.3,21J,Delta
106001009,21K,BA.1.1,21K,Omicron
103301003,21K,BA.1.1.18,21K,Omicron
107702010,21L,BA.2,21L,Omicron
107201006,21K,BA.1.22,21K,Omicron
100703007,21J,AY.1,21J,Delta
103503006,21K,BA.1.1,21K,Omicron
102303008,21K,BA.1.1.18,21K,Omicron
104202001,21K,BA.1.1,21K,Omicron
106002007,21K,BA.1.1.16,21K,Omicron
107303007,21K,BA.1.1,21K,Omicron
102501002,21K,BA.1.1.18,21K,Omicron
102902004,21K,BA.1.1,21K,Omicron
104703005,21K,BA.1.1,21K,Omicron
106201005,21K,BA.1.1,21K,Omicron
100501008,21J,AY.3,21J,Delta
106202002,21K,BA.1.1,21K,Omicron
103901006,21K,BA.1.1.18,21K,Omicron
103802010,21K,BA.1.15,21K,Omicron
104002010,21J,AY.4,21J,Delta
105101004,21K,BA.1.1,21K,Omicron
107303004,21K,BA.1.1,21K,Omicron
101902002,21J,AY.103,21J,Delta
103404009,21K,BA.1.1.18,21K,Omicron
106103001,21K,BA.1.15,21K,Omicron
104902008,21K,BA.1.1,21K,Omicron
100301002,21J,AY.3,21J,Delta
105701007,21K,BA.1.1.18,21K,Omicron
104202009,21K,BA.1.1,21K,Omicron
105001005,21K,BA.1,21K,Omicron
107702001,21L,BA.2,21L,Omicron
103503003,21K,BA.1.1,21K,Omicron
104703009,21K,BA.1.1,21K,Omicron
107101002,21K,BA.1.1,21K,Omicron
104201003,21K,BA.1.1,21K,Omicron
103202008,21K,BA.1.1,21K,Omicron
106102001,21K,BA.1.15,21K,Omicron
107701009,21L,BA.2,21L,Omicron
106002010,21K,BA.1.1.16,21K,Omicron
100601006,21J,AY.25,21J,Delta
107702006,21L,BA.2,21L,Omicron
104702001,,,,
104702009,21K,BA.1.1,21K,Omicron
106902003,21K,BA.1.1.18,21K,Omicron
103701006,21K,BA.1.1,21K,Omicron
103801005,21K,BA.1.15,21K,Omicron
106401004,21K,BA.1.1,21K,Omicron
102501005,21K,BA.1.1.18,21K,Omicron
107001003,21K,BA.1.20,21K,Omicron
106001002,21K,BA.1.1,21K,Omicron
100101007,21J,AY.25,21J,Delta
103201002,21K,BA.1.1,21K,Omicron
103701010,21K,BA.1.1,21K,Omicron
102603003,21K,BA.1.1,21K,Omicron
103802004,21K,BA.1.15,21K,Omicron
102501010,21K,BA.1.1.18,21K,Omicron
100703008,21J,AY.1,21J,Delta
103602006,21K,BA.1,21K,Omicron
107001008,21K,BA.1.20,21K,Omicron
106903003,21K,BA.1.1.18,21K,Omicron
107701006,21L,BA.2,21L,Omicron
102303004,21K,BA.1.1.18,21K,Omicron
107501002,21K,BA.1.1,21K,Omicron
106901006,21K,BA.1.1.18,21K,Omicron
101902001,21J,AY.103,21J,Delta
101102003,21J,AY.103,21J,Delta
103501005,21K,BA.1.1,21K,Omicron
102301005,21K,BA.1.1.18,21K,Omicron
104401002,21K,BA.1.1,21K,Omicron
104102001,21L,BA.2,21L,Omicron
106102006,21K,BA.1.15,21K,Omicron
104702010,21K,BA.1.1,21K,Omicron
103401005,21K,BA.1.1.18,21K,Omicron
105103006,21K,BA.1.1,21K,Omicron
102902009,21K,BA.1.1,21K,Omicron
101701010,21J,AY.4,21J,Delta
100601003,21J,AY.25,21J,Delta
107801005,21K,BA.1.1,21K,Omicron
103801010,21K,BA.1.15,21K,Omicron
106701005,21K,BA.1.1,21K,Omicron
107201004,21K,BA.1,21K,Omicron
104001002,21K,BA.1.1,21K,Omicron
103402003,21K,BA.1.1.18,21K,Omicron
101102001,21J,AY.103,21J,Delta
101201004,21J,AY.100,21J,Delta
104201008,21K,BA.1.1,21K,Omicron
107001005,21K,BA.1.20,21K,Omicron
103502010,21K,BA.1.1,21K,Omicron
102801010,21K,BA.1.1.18,21K,Omicron
105102006,21K,BA.1.1,21K,Omicron
100703002,21J,AY.1,21J,Delta
103801003,21K,BA.1.15,21K,Omicron
104101010,,,,
104701006,21K,BA.1.1,21K,Omicron
103701009,21K,BA.1.1,21K,Omicron
106002006,21K,BA.1.1,21K,Omicron
106002008,21K,BA.1.1,21K,Omicron
102101009,21J,AY.4,21J,Delta
106001007,21K,BA.1.1,21K,Omicron
106004007,21K,BA.1.1,21K,Omicron
105101002,21L,BA.2,21L,Omicron
106902005,21K,BA.1.1.18,21K,Omicron
103503009,21K,BA.1.1,21K,Omicron
101201006,21J,AY.100,21J,Delta
107802008,21K,BA.1.1,21K,Omicron
107101003,21K,BA.1.1,21K,Omicron
107002008,21K,BA.1.20,21K,Omicron
106901005,21K,BA.1.1.18,21K,Omicron
102601007,21K,BA.1.1,21K,Omicron
102602008,21K,BA.1.1,21K,Omicron
102801008,21K,BA.1.1.18,21K,Omicron
105001003,21K,BA.1,21K,Omicron
104701008,21K,BA.1.1,21K,Omicron
103502001,21K,BA.1.1,21K,Omicron
104102004,21K,BA.1.1,21K,Omicron
104902005,21K,BA.1.1,21K,Omicron
106003009,21K,BA.1.1,21K,Omicron
104201006,21K,BA.1.1,21K,Omicron
101104007,21J,AY.103,21J,Delta
104703004,21K,BA.1.1,21K,Omicron
103801004,21K,BA.1.15,21K,Omicron
106202007,21K,BA.1.1,21K,Omicron
105102007,21K,BA.1.1,21K,Omicron
100101009,21J,AY.25,21J,Delta
107702003,21L,BA.2,21L,Omicron
102801005,21K,BA.1.1.18,21K,Omicron
105801006,21K,BA.1.15.2,21K,Omicron
105001010,21K,BA.1,21K,Omicron
105001008,21K,BA.1,21K,Omicron
106003007,21K,BA.1.1,21K,Omicron
105102009,21K,BA.1.1,21K,Omicron
105801008,21K,BA.1.15,21K,Omicron
105901010,21K,BA.1.1,21K,Omicron
101102008,21J,AY.103,21J,Delta
103501009,21K,BA.1.1.18,21K,Omicron
106103004,21K,BA.1.15,21K,Omicron
104001010,21K,BA.1.20,21K,Omicron
103202006,21K,BA.1.1,21K,Omicron
103602010,21K,BA.1.1.18,21K,Omicron
106102008,21K,BA.1.15,21K,Omicron
103501010,21K,BA.1.1,21K,Omicron
104002004,21K,BA.1.20,21K,Omicron
102603001,21K,BA.1.1,21K,Omicron
107701003,21L,BA.2,21L,Omicron
107801009,21K,BA.1.1.16,21K,Omicron
102201003,21J,AY.103,21J,Delta
102102009,21J,AY.3,21J,Delta
105701002,21K,BA.1.1.18,21K,Omicron
106201008,21K,BA.1.1,21K,Omicron
104104001,21K,BA.1.1,21K,Omicron
106702009,23A,XBB.1.5,23A,Omicron
102603008,21K,BA.1.1,21K,Omicron
104401004,21K,BA.1.1,21K,Omicron
104002003,21K,BA.1.20,21K,Omicron
102701003,21K,BA.1.1.18,21K,Omicron
105103003,21K,BA.1.1,21K,Omicron
106903007,21K,BA.1.1.18,21K,Omicron
107301009,21K,BA.1.1,21K,Omicron
107104003,21K,BA.1.1,21K,Omicron
101102005,21J,AY.103,21J,Delta
106202008,21K,BA.1.1,21K,Omicron
103502005,21K,BA.1.1,21K,Omicron
102301003,21K,BA.1.1.18,21K,Omicron
102603007,21K,BA.1.1,21K,Omicron
107501005,21K,BA.1.1,21K,Omicron
106004003,21K,BA.1.1,21K,Omicron
107802003,21K,BA.1.1,21K,Omicron
102603010,21K,BA.1.1,21K,Omicron
100601002,21J,AY.25,21J,Delta
104901007,21K,BA.1.1.16,21K,Omicron
104401003,21K,BA.1.1,21K,Omicron
100301009,21J,AY.3,21J,Delta
103402006,21K,BA.1.1.18,21K,Omicron
102703007,21K,BA.1.1.18,21K,Omicron
102703008,21K,BA.1.1.18,21K,Omicron
107501010,21K,BA.1.1,21K,Omicron
100501002,21J,AY.3,21J,Delta
106902008,21K,BA.1.1.18,21K,Omicron
103201007,21K,BA.1.1,21K,Omicron
100801010,21J,AY.103,21J,Delta
106201007,21K,BA.1.1,21K,Omicron
103101009,21K,BA.1.1,21K,Omicron
106902006,21K,BA.1.1.18,21K,Omicron
103001008,21K,BA.1.1,21K,Omicron
103601003,21K,BA.1.1.18,21K,Omicron
100801008,21J,AY.103,21J,Delta
102401006,21K,BA.1.1.18,21K,Omicron
106103009,21K,BA.1.15,21K,Omicron
102901004,21K,BA.1.1,21K,Omicron
106701009,21K,BA.1.1,21K,Omicron
104701005,21K,BA.1.1,21K,Omicron
102602009,21K,BA.1.1,21K,Omicron
105103005,21K,BA.1.1,21K,Omicron
104101002,21K,BA.1.1,21K,Omicron
107302003,21K,BA.1.1,21K,Omicron
102601010,21K,BA.1.1,21K,Omicron
103101006,21K,BA.1.1,21K,Omicron
104201009,21K,BA.1.1,21K,Omicron
104701009,21K,BA.1.1,21K,Omicron
106001003,21K,BA.1.1,21K,Omicron
106002005,21K,BA.1.1,21K,Omicron
106201003,21K,BA.1.1,21K,Omicron
106902007,21K,BA.1.1.18,21K,Omicron
101105005,21J,AY.103,21J,Delta
105001006,21K,BA.1,21K,Omicron
100101002,21J,AY.25,21J,Delta
104002008,21K,BA.1.1,21K,Omicron
103404007,21K,BA.1.1.18,21K,Omicron
102202008,21J,AY.103,21J,Delta
101102010,21J,AY.103,21J,Delta
106901004,21K,BA.1.1.18,21K,Omicron
103403005,21K,BA.1.1.18,21K,Omicron
102902001,21K,BA.1.1,21K,Omicron
104102006,21K,BA.1.1,21K,Omicron
103101008,21K,BA.1.1,21K,Omicron
106801003,21K,BA.1.1,21K,Omicron
102401005,21K,BA.1.1.18,21K,Omicron
102301007,21K,BA.1.1.18,21K,Omicron
104101008,21K,BA.1.1,21K,Omicron
103402009,21K,BA.1.1.18,21K,Omicron
106801002,21K,BA.1.1,21K,Omicron
103501004,21K,BA.1.1,21K,Omicron
103402001,21K,BA.1.1.18,21K,Omicron
103001004,21K,BA.1.1,21K,Omicron
106002003,21K,BA.1.1,21K,Omicron
107301004,21K,BA.1.1,21K,Omicron
104002006,21K,BA.1.20,21K,Omicron
106103003,21K,BA.1.15,21K,Omicron
101701004,21J,AY.103,21J,Delta
103502003,21K,BA.1.1,21K,Omicron
105202001,21K,BA.1.1,21K,Omicron
102901010,21K,BA.1.1,21K,Omicron
106003003,21K,BA.1.1,21K,Omicron
103702008,21K,BA.1.1,21K,Omicron
104703008,21K,BA.1.1,21K,Omicron
104001007,21K,BA.1.20,21K,Omicron
106102007,21K,BA.1.15,21K,Omicron
102902007,21K,BA.1.1,21K,Omicron
102201007,21J,AY.103,21J,Delta
105103009,21K,BA.1.1,21K,Omicron
102602001,21K,BA.1.1,21K,Omicron
103001006,21K,BA.1.1,21K,Omicron
103302009,21K,BA.1.1.18,21K,Omicron
102801009,21K,BA.1.1,21K,Omicron
102801004,21K,BA.1.1.18,21K,Omicron
102602003,21K,BA.1.1,21K,Omicron
100801002,21J,AY.103,21J,Delta
102602010,21K,BA.1.1,21K,Omicron
100703004,21J,AY.1,21J,Delta
103401009,21K,BA.1.1.18,21K,Omicron
102601005,21K,BA.1.1,21K,Omicron
104901005,21K,BA.1.1,21K,Omicron
105701008,21K,BA.1.1.18,21K,Omicron
101104005,21J,AY.103,21J,Delta
103503008,21K,BA.1.1,21K,Omicron
104701002,21K,BA.1.1,21K,Omicron
101701007,21J,AY.103,21J,Delta
102501007,21K,BA.1.1.18,21K,Omicron
101104006,21J,AY.103,21J,Delta
103401003,21K,BA.1.1.18,21K,Omicron
106103007,21K,BA.1.15,21K,Omicron
104703003,21K,BA.1.1,21K,Omicron
104201007,21K,BA.1.1,21K,Omicron
105102001,21K,BA.1.1,21K,Omicron
104703010,21K,BA.1.1,21K,Omicron
103504007,21K,BA.1.1,21K,Omicron
107303008,21K,BA.1.1,21K,Omicron
103202007,21K,BA.1.1,21K,Omicron
105101007,21K,BA.1.1,21K,Omicron
100301004,21J,AY.3,21J,Delta
104102008,21K,BA.1.1,21K,Omicron
101703006,21J,AY.103,21J,Delta
107302001,21K,BA.1.1,21K,Omicron
103001009,21K,BA.1.1,21K,Omicron
107001009,21K,BA.1.20,21K,Omicron
103301006,21K,BA.1.1.18,21K,Omicron
102101007,21J,AY.3,21J,Delta
105102004,21K,BA.1.1,21K,Omicron
103502004,21K,BA.1.1,21K,Omicron
102602006,21K,BA.1.1,21K,Omicron
105701010,21K,BA.1.1.18,21K,Omicron
102301009,21K,BA.1.1.18,21K,Omicron
104703007,21K,BA.1.1,21K,Omicron
104102007,21K,BA.1.1,21K,Omicron
101201010,21J,AY.100,21J,Delta
100101006,21J,AY.25,21J,Delta
104902009,21L,BA.2,21L,Omicron
101201003,21J,AY.100,21J,Delta
106202006,21K,BA.1.1,21K,Omicron
101105006,21J,AY.103,21J,Delta
106004008,21K,BA.1.1,21K,Omicron
106901010,21K,BA.1.1.18,21K,Omicron
103602003,21K,BA.1.1.18,21K,Omicron
103001007,21K,BA.1.1,21K,Omicron
107801006,21K,BA.1.1,21K,Omicron
104104003,21K,BA.1.1,21K,Omicron
102901007,21K,BA.1.1,21K,Omicron
106103010,21K,BA.1.15,21K,Omicron
103504002,21K,BA.1.1.18,21K,Omicron
103402005,21K,BA.1.1.18,21K,Omicron
105801004,21K,BA.1.15.2,21K,Omicron
102303007,21K,BA.1.1.18,21K,Omicron
102501003,21K,BA.1.1.18,21K,Omicron
103402010,21K,BA.1.1.18,21K,Omicron
101902005,21J,AY.103,21J,Delta
102401003,21K,BA.1.1.18,21K,Omicron
103901003,21K,BA.1.1.18,21K,Omicron
103701005,21K,BA.1.1,21K,Omicron
103201008,21K,BA.1.1,21K,Omicron
103601004,21K,BA.1.1.18,21K,Omicron
103404001,21K,BA.1.1.18,21K,Omicron
106701006,21K,BA.1.1,21K,Omicron
107501007,21K,BA.1.1,21K,Omicron
103402008,21K,BA.1.1.18,21K,Omicron
102901002,21K,BA.1.1,21K,Omicron
102303009,21K,BA.1.1.18,21K,Omicron
102102010,,,,
103802008,21K,BA.1.15,21K,Omicron
107002005,21K,BA.1.20,21K,Omicron
104902001,23A,XBB.1.5,23A,Omicron
102501008,21K,BA.1.1.18,21K,Omicron
101105008,21J,AY.103,21J,Delta
103503001,21K,BA.1.1,21K,Omicron
107201002,21K,BA.1,21K,Omicron
103302010,21K,BA.1.1.18,21K,Omicron
105801002,21K,BA.1.15.2,21K,Omicron
100703009,21J,AY.1,21J,Delta
106803003,21K,BA.1.1,21K,Omicron
103101010,21K,BA.1.1,21K,Omicron
106004006,21K,BA.1.1,21K,Omicron
106101005,21K,BA.1.15,21K,Omicron
102401008,21K,BA.1.1.18,21K,Omicron
104202004,21K,BA.1.1,21K,Omicron
106803009,21K,BA.1.1,21K,Omicron
104902004,21K,BA.1.1,21K,Omicron
106201002,21K,BA.1.1,21K,Omicron
103101005,21K,BA.1.1,21K,Omicron
106401005,21K,BA.1.1,21K,Omicron
106002009,21K,BA.1.1,21K,Omicron
106103005,21K,BA.1.15,21K,Omicron
103601005,21K,BA.1.1.18,21K,Omicron
104901008,recombinant,XM,recombinant,recombinant
102202009,21J,AY.103,21J,Delta
107001002,21K,BA.1.20,21K,Omicron
103302008,21K,BA.1.1.18,21K,Omicron
103601006,21K,BA.1.1,21K,Omicron
105901003,21K,BA.1.1,21K,Omicron
103702009,21K,BA.1.1,21K,Omicron
104501005,21K,BA.1.15,21K,Omicron
102401010,21K,BA.1.1,21K,Omicron
103802003,21K,BA.1.1.18,21K,Omicron
106101010,,,,
107303009,21K,BA.1.1,21K,Omicron
101105004,21J,AY.103,21J,Delta
106003001,21K,BA.1.1,21K,Omicron
100801007,21J,AY.103,21J,Delta
101902007,21J,AY.103,21J,Delta
105202005,21K,BA.1.1,21K,Omicron
106701008,21K,BA.1.1,21K,Omicron
103002003,21K,BA.1.1,21K,Omicron
105901002,21K,BA.1.1,21K,Omicron
103501007,21K,BA.1.1,21K,Omicron
106101009,21K,BA.1.15,21K,Omicron
103901005,21K,BA.1.1.18,21K,Omicron
100301010,21J,AY.3,21J,Delta
101703005,21J,AY.103,21J,Delta
105101008,21K,BA.1.1,21K,Omicron
104701004,21K,BA.1.1,21K,Omicron
102201006,21J,AY.103,21J,Delta
100301003,21J,AY.3,21J,Delta
104001004,21K,BA.1.1,21K,Omicron
103201004,21K,BA.1.1,21K,Omicron
103601002,21K,BA.1.1.18,21K,Omicron
106701007,21K,BA.1.1,21K,Omicron
102301006,21K,BA.1.1.18,21K,Omicron
103201010,21K,BA.1.1,21K,Omicron
105103007,21K,BA.1.1,21K,Omicron
102301008,21K,BA.1.1.18,21K,Omicron
105103008,21K,BA.1.1,21K,Omicron
107002009,21K,BA.1.20,21K,Omicron
104202010,21K,BA.1.1,21K,Omicron
103201009,21K,BA.1.1,21K,Omicron
106102004,21K,BA.1.15,21K,Omicron
101902010,21J,AY.103,21J,Delta
107702005,21L,BA.2,21L,Omicron
103101002,21K,BA.1.1,21K,Omicron
106801007,recombinant,XS,recombinant,recombinant
105101005,21K,BA.1.1,21K,Omicron
104101005,21K,BA.1.1,21K,Omicron
107303003,21K,BA.1.1,21K,Omicron
102801002,21K,BA.1.1.18,21K,Omicron
105001004,21K,BA.1,21K,Omicron
100501003,21J,AY.3,21J,Delta
105101010,21K,BA.1.1,21K,Omicron
106902004,21K,BA.1.1.18,21K,Omicron
101104004,21J,AY.103,21J,Delta
104501009,21K,BA.1.1,21K,Omicron
107001010,21K,BA.1.20,21K,Omicron
105801005,21K,BA.1.15.2,21K,Omicron
102602004,21K,BA.1.1,21K,Omicron
106702001,21K,BA.1.1.18,21K,Omicron
105103004,21K,BA.1.1,21K,Omicron
104001005,21K,BA.1.1,21K,Omicron
106401003,21K,BA.1.1,21K,Omicron
106004010,21K,BA.1.1,21K,Omicron
107302008,21K,BA.1.1,21K,Omicron
103101007,21K,BA.1.1,21K,Omicron
106701010,21K,BA.1.1,21K,Omicron
103502007,21K,BA.1.1,21K,Omicron
106801008,21L,BA.2,21L,Omicron
107101004,21K,BA.1.1,21K,Omicron
102202003,21J,AY.103,21J,Delta
107301006,21K,BA.1.1,21K,Omicron
106903005,21K,BA.1.1.18,21K,Omicron
104902007,21K,BA.1.1,21K,Omicron
105701009,21K,BA.1.1.18,21K,Omicron
106101003,21K,BA.1.15,21K,Omicron
106401002,21K,BA.1.1,21K,Omicron
107002002,21K,BA.1.20,21K,Omicron
101102009,21J,AY.103,21J,Delta
104001003,21K,BA.1.1,21K,Omicron
104101006,21K,BA.1.1,21K,Omicron
102604004,21K,BA.1.1,21K,Omicron
101902004,21J,AY.103,21J,Delta
103301002,21K,BA.1.1.18,21K,Omicron
103901002,21K,BA.1.1.18,21K,Omicron
101105010,21J,AY.103,21J,Delta
102501004,21K,BA.1.1,21K,Omicron
103002006,21K,BA.1.1,21K,Omicron
100501007,21J,AY.3,21J,Delta
107002007,21K,BA.1.20,21K,Omicron
107302009,21K,BA.1.1,21K,Omicron
103801009,21K,BA.1.15,21K,Omicron
104702005,21K,BA.1.1,21K,Omicron
106701003,21K,BA.1.1,21K,Omicron
101102006,21J,AY.103,21J,Delta
106803001,21K,BA.1.1,21K,Omicron
102301010,21K,BA.1.1.18,21K,Omicron
102101003,21J,AY.3,21J,Delta
107301007,21K,BA.1.1,21K,Omicron
102701007,21K,BA.1.1.18,21K,Omicron
103001002,21K,BA.1.1,21K,Omicron
103702006,21K,BA.1.1,21K,Omicron
107201008,21K,BA.1.1,21K,Omicron
102703009,21K,BA.1.1.18,21K,Omicron
106801010,21K,BA.1.1,21K,Omicron
106803008,21K,BA.1.1,21K,Omicron
103002005,21K,BA.1.1,21K,Omicron
107101005,21K,BA.1.1,21K,Omicron
104102005,21K,BA.1.1,21K,Omicron
103404005,21K,BA.1.1.18,21K,Omicron
107701007,21L,BA.2,21L,Omicron
101105003,21J,AY.103,21J,Delta
101902006,21J,AY.103,21J,Delta
104002009,21K,BA.1.1,21K,Omicron
102102001,21J,AY.3,21J,Delta
105102010,22F,XBB.2.4,22F,Omicron
104902003,21K,BA.1.1,21K,Omicron
106201010,21K,BA.1.1,21K,Omicron
102604007,21K,BA.1.1,21K,Omicron
103701008,21K,BA.1.1,21K,Omicron
102603006,21K,BA.1.1,21K,Omicron
107104006,21K,BA.1.1,21K,Omicron
103403004,21K,BA.1.1.18,21K,Omicron
106102010,21K,BA.1.15,21K,Omicron
107802005,21K,BA.1.1,21K,Omicron
101701006,21J,AY.103,21J,Delta
103002010,21K,BA.1.1,21K,Omicron
103503004,21K,BA.1.1,21K,Omicron
107303006,21K,BA.1.1,21K,Omicron
104201004,21K,BA.1.1,21K,Omicron
103101004,21K,BA.1.1,21K,Omicron
105901007,21K,BA.1.1,21K,Omicron
102601002,21K,BA.1.1,21K,Omicron
102201010,21J,AY.103,21J,Delta
106201009,21K,BA.1.1,21K,Omicron
100301008,21J,AY.3,21J,Delta
103202009,21K,BA.1.1,21K,Omicron
101703004,21J,AY.103,21J,Delta
106103008,21K,BA.1.15,21K,Omicron
106903006,21K,BA.1.1.18,21K,Omicron
104501002,21K,BA.1.15,21K,Omicron
103001003,21K,BA.1.1,21K,Omicron
107302005,21K,BA.1.1,21K,Omicron
103403006,21K,BA.1.1.18,21K,Omicron
105901005,21K,BA.1.1,21K,Omicron
101201007,21J,AY.100,21J,Delta
101703003,21J,AY.103,21J,Delta
102701006,21K,BA.1.1.18,21K,Omicron
103801006,21K,BA.1.15,21K,Omicron
106901002,21K,BA.1.1.18,21K,Omicron
102604009,21K,BA.1.1,21K,Omicron
101104008,21J,AY.103,21J,Delta
107302007,21K,BA.1.1,21K,Omicron
105801009,21K,BA.1.15.2,21K,Omicron
102303005,21K,BA.1.1.18,21K,Omicron
106903010,21K,BA.1.1.18,21K,Omicron
103202005,21K,BA.1.1,21K,Omicron
105701004,21K,BA.1.1.18,21K,Omicron
104202008,21K,BA.1.1,21K,Omicron
107501008,21K,BA.1.1,21K,Omicron
107104007,21K,BA.1.1,21K,Omicron
105101003,21K,BA.1.1,21K,Omicron
102902008,21K,BA.1.1,21K,Omicron
104001006,21K,BA.1.1,21K,Omicron
103201006,21K,BA.1.1,21K,Omicron
103701002,21K,BA.1.1,21K,Omicron
102401004,21K,BA.1.1.18,21K,Omicron
104703006,21K,BA.1.1,21K,Omicron
103404006,21K,BA.1.1.18,21K,Omicron
106902001,21K,BA.1.1.18,21K,Omicron
107702009,21L,BA.2,21L,Omicron
102601004,21K,BA.1.1,21K,Omicron
102401007,21K,BA.1.1.18,21K,Omicron
101703010,21J,AY.103,21J,Delta
103602001,21K,BA.1.1.18,21K,Omicron
102303010,21K,BA.1.1.18,21K,Omicron
103801008,21K,BA.1.15,21K,Omicron
106102009,21K,BA.1.15,21K,Omicron
100601004,21J,AY.25,21J,Delta
107002010,21K,BA.1.20,21K,Omicron
105102005,21K,BA.1.1,21K,Omicron
102101004,21J,AY.3,21J,Delta
107302004,21K,BA.1.1,21K,Omicron
101701008,,,,
102901008,21K,BA.1.1,21K,Omicron
103501006,21K,BA.1.1,21K,Omicron
102501009,21K,BA.1.1.18,21K,Omicron
107101006,21K,BA.1.1,21K,Omicron
101104001,21J,AY.103,21J,Delta
103701007,21K,BA.1.1,21K,Omicron
105801007,21K,BA.1.15.2,21K,Omicron
102102003,21J,AY.3,21J,Delta
102601008,21K,BA.1.1,21K,Omicron
102102005,21J,AY.3,21J,Delta
104703001,21K,BA.1.1,21K,Omicron
102701004,21K,BA.1.1.18,21K,Omicron
103404010,21K,BA.1.1.18,21K,Omicron
107702007,21L,BA.2,21L,Omicron
106202010,21K,BA.1.1,21K,Omicron
104702008,21K,BA.1.1,21K,Omicron
102902006,21K,BA.1.1,21K,Omicron
107501003,21K,BA.1.1,21K,Omicron
103403001,21K,BA.1.1.18,21K,Omicron
106101002,21K,BA.1.15,21K,Omicron
105901006,21K,BA.1.1,21K,Omicron
102102007,21J,AY.3,21J,Delta
107301002,21K,BA.1.1,21K,Omicron
101104009,21J,AY.103,21J,Delta
105901008,21K,BA.1.1,21K,Omicron
105103010,21K,BA.1.1,21K,Omicron
107802010,21K,BA.1.1.16,21K,Omicron
103901004,21K,BA.1.1.18,21K,Omicron
105101006,21K,BA.1.1,21K,Omicron
107301003,21K,BA.1.1,21K,Omicron
103002007,21K,BA.1.1,21K,Omicron
100601007,21J,AY.25,21J,Delta
106702006,21K,BA.1.1.18,21K,Omicron
103504008,21K,BA.1.1,21K,Omicron
106102003,21K,BA.1.15,21K,Omicron
102801006,21K,BA.1.1.18,21K,Omicron
106801005,21K,BA.1.1,21K,Omicron
101104010,21J,AY.103,21J,Delta
107801003,21K,BA.1.1,21K,Omicron
101201002,21J,AY.100,21J,Delta
102201009,21J,AY.103,21J,Delta
103404003,21K,BA.1.1.18,21K,Omicron
103501003,21K,BA.1.1,21K,Omicron
107302006,21K,BA.1.1,21K,Omicron
102801003,21K,BA.1.1.18,21K,Omicron
103403007,21K,BA.1.1.18,21K,Omicron
103702004,21K,BA.1.1,21K,Omicron
103401007,21K,BA.1.1.18,21K,Omicron
102601006,21K,BA.1.1,21K,Omicron
107002006,21K,BA.1.20,21K,Omicron
102901009,21K,BA.1.1,21K,Omicron
101105009,21J,AY.103,21J,Delta
102102008,21J,AY.3,21J,Delta
103702007,21K,BA.1.1,21K,Omicron
101201005,21J,AY.100,21J,Delta
100801001,21J,AY.103,21J,Delta
101703008,21J,AY.103,21J,Delta
106903008,21K,BA.1.1.18,21K,Omicron
103401004,21K,BA.1.1.18,21K,Omicron
106803007,21K,BA.1.1,21K,Omicron
101703009,21J,AY.103,21J,Delta
104701010,21K,BA.1.1,21K,Omicron
102501006,,,,
100601005,21J,AY.25,21J,Delta
105102008,21K,BA.1.1,21K,Omicron
100301006,21J,AY.3,21J,Delta
103002008,21K,BA.1.1,21K,Omicron
106003008,21K,BA.1.1,21K,Omicron
104501007,21K,BA.1.15,21K,Omicron
107002004,21K,BA.1.20,21K,Omicron
103503010,21K,BA.1.1,21K,Omicron
103901009,21K,BA.1.1.18,21K,Omicron
107201007,21K,BA.1,21K,Omicron
105901009,21K,BA.1.1,21K,Omicron
106702005,21K,BA.1.1.18,21K,Omicron
103602009,21K,BA.1.1.18,21K,Omicron
106202004,21K,BA.1.1,21K,Omicron
107104004,21K,BA.1.1,21K,Omicron
101701009,21J,AY.103,21J,Delta
101105001,21J,AY.103,21J,Delta
103503007,21K,BA.1.1,21K,Omicron
106701004,21K,BA.1.1,21K,Omicron
102101005,21J,AY.3,21J,Delta
102902005,21K,BA.1.1,21K,Omicron
101701005,21J,AY.103,21J,Delta
103001005,21K,BA.1.1,21K,Omicron
106901009,21K,BA.1.1.18,21K,Omicron
106903004,21K,BA.1.1.18,21K,Omicron
106202009,21K,BA.1.1,21K,Omicron
103401008,21K,BA.1.1.18,21K,Omicron
103201005,21K,BA.1.1,21K,Omicron
101201008,21J,AY.100,21J,Delta
100101010,21J,AY.25,21J,Delta
100801004,21J,AY.103,21J,Delta
106401006,21K,BA.1.1,21K,Omicron
106002004,21K,BA.1.1,21K,Omicron
105202007,21M,B.1.1.529,21M,Omicron
100501005,21J,AY.3,21J,Delta
103701004,21K,BA.1.1,21K,Omicron
100501010,21J,AY.4,21J,Delta
102603009,21K,BA.1.1,21K,Omicron
106001010,21K,BA.1.1,21K,Omicron
107001004,21K,BA.1.20,21K,Omicron
102201004,21J,AY.103,21J,Delta
106001004,21K,BA.1.1,21K,Omicron
103503005,21K,BA.1.1,21K,Omicron
103403003,21K,BA.1.1.18,21K,Omicron
102603004,21K,BA.1.1,21K,Omicron
103602004,21K,BA.1.1.18,21K,Omicron
103401006,21K,BA.1.1.18,21K,Omicron
106001006,21K,BA.1.1,21K,Omicron
103502008,21K,BA.1.1,21K,Omicron
105901004,21K,BA.1.1,21K,Omicron
103404008,21K,BA.1.1.18,21K,Omicron
103501002,21K,BA.1.1,21K,Omicron
106003006,21K,BA.1.1,21K,Omicron
104101007,recombinant,XBF,recombinant,recombinant
103801002,21K,BA.1.15,21K,Omicron
103001010,21K,BA.1.1,21K,Omicron
101102004,21J,AY.103,21J,Delta
103401002,21K,BA.1.1.18,21K,Omicron
103602005,21K,BA.1.1.18,21K,Omicron
107802007,21K,BA.1.1,21K,Omicron
104101004,21K,BA.1.1,21K,Omicron
107801004,21K,BA.1.1,21K,Omicron
104002005,21K,BA.1.20,21K,Omicron
103502006,21K,BA.1.1,21K,Omicron
107302010,21K,BA.1.1,21K,Omicron
103901010,21K,BA.1.1.18,21K,Omicron
107104008,21K,BA.1.1,21K,Omicron
107201005,21K,BA.1,21K,Omicron
104002007,21K,BA.1.1,21K,Omicron
107301005,21K,BA.1.1,21K,Omicron
100801006,21J,AY.103,21J,Delta
104101003,21K,BA.1.1,21K,Omicron
104701007,21K,BA.1.1,21K,Omicron
104201002,21K,BA.1.1,21K,Omicron
104901003,21K,BA.1.1,21K,Omicron
104702007,21K,BA.1.1,21K,Omicron
103202001,21K,BA.1.1,21K,Omicron
100703001,21J,AY.1,21J,Delta
103504009,21K,BA.1.1,21K,Omicron
102201008,21J,AY.103,21J,Delta
103502009,21K,BA.1.1,21K,Omicron
107702008,21L,BA.2,21L,Omicron
106102005,21K,BA.1.15,21K,Omicron
107501006,21K,BA.1.1,21K,Omicron
102602007,,,,
106201006,21K,BA.1.1,21K,Omicron
105101009,21K,BA.1.1.16,21K,Omicron
105801010,21K,BA.1.15,21K,Omicron
104201005,21K,BA.1.1,21K,Omicron
102202010,21J,AY.103,21J,Delta
102604010,21K,BA.1.1,21K,Omicron
107501004,21K,BA.1.1,21K,Omicron
100801009,21J,AY.103,21J,Delta
105701005,21K,BA.1.1.18,21K,Omicron
103202010,21K,BA.1.1,21K,Omicron
106401007,21K,BA.1.1,21K,Omicron
102602005,21K,BA.1.1,21K,Omicron
105701006,21K,BA.1.1.18,21K,Omicron
104001008,21K,BA.1.20,21K,Omicron
103201003,21K,BA.1.1,21K,Omicron
102101008,21J,AY.3.3,21J,Delta
103504010,21K,BA.1.1,21K,Omicron
101201001,21J,AY.100,21J,Delta
102801007,21K,BA.1.1.18,21K,Omicron
102701002,21K,BA.1.1.18,21K,Omicron
104102009,21K,BA.1.1,21K,Omicron
101104003,21J,AY.103,21J,Delta
106002001,21K,BA.1.1,21K,Omicron
100703010,21J,AY.1,21J,Delta
102601003,21K,BA.1.1,21K,Omicron
106902009,21K,BA.1.1.18,21K,Omicron
102102004,21J,AY.3,21J,Delta
107104001,21K,BA.1.1,21K,Omicron
102701005,21K,BA.1.1,21K,Omicron
102201005,21J,AY.103,21J,Delta
102902010,21K,BA.1.1,21K,Omicron
106702007,21K,BA.1.1,21K,Omicron
107104005,21K,BA.1.1,21K,Omicron
104501004,21K,BA.1.15,21K,Omicron
106901003,21K,BA.1.1.18,21K,Omicron
102101002,21J,AY.3,21J,Delta
104902006,21K,BA.1.1,21K,Omicron
106301001,21K,BA.1.1,21K,Omicron
103802006,21K,BA.1.15,21K,Omicron
107501009,21F,B.1.526,21F,Iota
100301001,21J,AY.3,21J,Delta
107201003,21K,BA.1,21K,Omicron
107001006,21K,BA.1.20,21K,Omicron
107801002,21K,BA.1.1,21K,Omicron
106001008,21K,BA.1.1,21K,Omicron
103101003,21K,BA.1.1,21K,Omicron
105202003,21K,BA.1.1,21K,Omicron
103301004,21K,BA.1.1.18,21K,Omicron
106202005,21K,BA.1.1,21K,Omicron
102301002,21K,BA.1.1.18,21K,Omicron
107301008,21K,BA.1.1,21K,Omicron
102703005,21K,BA.1.1.18,21K,Omicron
106803005,21K,BA.1.1,21K,Omicron
105701003,21K,BA.1.1.18,21K,Omicron
102703010,21K,BA.1.1.18,21K,Omicron
102101010,21J,AY.3,21J,Delta
104901004,21K,BA.1.1,21K,Omicron
106803004,21K,BA.1.1,21K,Omicron
104001009,21K,BA.1.20,21K,Omicron
106003005,21K,BA.1.1,21K,Omicron
107702004,21L,BA.2,21L,Omicron
105202006,21K,BA.1.1,21K,Omicron
106103006,21K,BA.1.15,21K,Omicron
100703003,21J,AY.1,21J,Delta
100703005,21J,AY.4,21J,Delta
105103001,21K,BA.1.1,21K,Omicron
107301010,21K,BA.1.1,21K,Omicron
106901007,21K,BA.1.1.18,21K,Omicron
100501009,,,,
106201004,21K,BA.1.1,21K,Omicron
100301005,21J,AY.3,21J,Delta
100101003,21J,AY.25,21J,Delta
103802009,21K,BA.1.15,21K,Omicron
100501004,21J,AY.3,21J,Delta
104202005,21K,BA.1.1,21K,Omicron