cdc_specid,mutation_type,Div,Length,PercentSites,DivPerSite,Days_post_symp,DPI,DivPerDay
100101002,Non,0.026143,29006,0.7693,1.17157972641043e-06,4,6,1.95263287735072e-07
100101002,Syn,0.0067189,29006,0.2307,1.00406710764982e-06,4,6,1.67344517941637e-07
100101003,Non,0,29006,0.7693,0,5,7,0
100101003,Syn,0,29006,0.2307,0,5,7,0
100101004,Non,0.12492147,29006,0.7693,5.59826575547524e-06,6,8,6.99783219434405e-07
100101004,Syn,0.052156255,29006,0.2307,7.79418954050462e-06,6,8,9.74273692563077e-07
100101005,Non,0.10321601,29006,0.7693,4.62555118987784e-06,7,9,5.13950132208649e-07
100101005,Syn,0.059908625,29006,0.2307,8.95269758844866e-06,7,9,9.94744176494296e-07
100101006,Non,0.099786095,29006,0.7693,4.47184201811825e-06,8,10,4.47184201811825e-07
100101006,Syn,0.060084045,29006,0.2307,8.97891221465592e-06,8,10,8.97891221465592e-07
100301001,Non,0.061173595,29006,0.7693,2.74145062516324e-06,3,5,5.48290125032648e-07
100301001,Syn,0.04330588,29006,0.2307,6.47159649285303e-06,3,5,1.29431929857061e-06
100301002,Non,0.04790186,29006,0.7693,2.14668737456875e-06,4,6,3.57781229094792e-07
100301002,Syn,0,29006,0.2307,0,4,6,0
100301003,Non,0.01228593,29006,0.7693,5.5058510913429e-07,5,7,7.86550155906128e-08
100301003,Syn,0.007369775,29006,0.2307,1.10133335341796e-06,5,7,1.57333336202566e-07
100301004,Non,0.0337111,29006,0.7693,1.51073868014362e-06,6,8,1.88842335017953e-07
100301004,Syn,0.017183645,29006,0.2307,2.56791033264839e-06,6,8,3.20988791581049e-07
100301005,Non,0.0571732,29006,0.7693,2.56217580285388e-06,7,9,2.84686200317098e-07
100301005,Syn,0.01462055,29006,0.2307,2.18488344085335e-06,7,9,2.42764826761483e-07
100301006,Non,0,29006,0.7693,0,8,10,0
100301006,Syn,0,29006,0.2307,0,8,10,0
100301009,Non,0.3381828,29006,0.7693,1.51554187469194e-05,11,13,1.16580144207072e-06
100301009,Syn,0.0166356,29006,0.2307,2.48601092083814e-06,11,13,1.91231609295241e-07
100501002,Non,0.0143999,29006,0.7693,6.4532115297929e-07,3,5,1.29064230595858e-07
100501002,Syn,0,29006,0.2307,0,3,5,0
100501003,Non,0.09198524,29006,0.7693,4.12225231660475e-06,4,6,6.87042052767458e-07
100501003,Syn,0.0109433,29006,0.2307,1.63535810611027e-06,4,6,2.72559684351711e-07
100501004,Non,0.13454438,29006,0.7693,6.02950954023874e-06,5,7,8.61358505748391e-07
100501004,Syn,0,29006,0.2307,0,5,7,0
100501005,Non,0.01918149,29006,0.7693,8.59604666883849e-07,6,8,1.07450583360481e-07
100501005,Syn,0.006450985,29006,0.2307,9.64030101719385e-07,6,8,1.20503762714923e-07
100501006,Non,0.0328306,29006,0.7693,1.47127970645643e-06,7,9,1.63475522939603e-07
100501006,Syn,0.01868944,29006,0.2307,2.7929351477764e-06,7,9,3.10326127530711e-07
100501007,Non,0.0205842,29006,0.7693,9.22466105817145e-07,8,10,9.22466105817145e-08
100501007,Syn,0,29006,0.2307,0,8,10,0
100501008,Non,0.2524315,29006,0.7693,1.131253596402e-05,9,11,1.02841236036546e-06
100501008,Syn,0,29006,0.2307,0,9,11,0
100601001,Non,0,29006,0.7693,0,5,7,0
100601001,Syn,0.01146065,29006,0.2307,1.71267048137149e-06,5,7,2.44667211624499e-07
100601002,Non,0,29006,0.7693,0,6,8,0
100601002,Syn,0.020393895,29006,0.2307,3.04764755635061e-06,6,8,3.80955944543826e-07
100601003,Non,0.03458064,29006,0.7693,1.54970648932019e-06,7,9,1.72189609924465e-07
100601003,Syn,0.047808215,29006,0.2307,7.14442187812748e-06,7,9,7.93824653125276e-07
100601004,Non,0.01474525,29006,0.7693,6.60797764635024e-07,8,10,6.60797764635024e-08
100601004,Syn,0.0464307,29006,0.2307,6.93856712485027e-06,8,10,6.93856712485027e-07
100601005,Non,0.010830785,29006,0.7693,4.85373833420427e-07,9,11,4.41248939473115e-08
100601005,Syn,0.024168255,29006,0.2307,3.61168493277074e-06,9,11,3.28334993888249e-07
100703001,Non,0.01839829,29006,0.7693,8.24506122656918e-07,2,4,2.06126530664229e-07
100703001,Syn,0.0122308,29006,0.2307,1.82776108890494e-06,2,4,4.56940272226236e-07
100703002,Non,0.557431015,29006,0.7693,2.49808696800822e-05,3,5,4.99617393601645e-06
100703002,Syn,0.108374475,29006,0.2307,1.61953959214035e-05,3,5,3.23907918428069e-06
100703008,Non,0.3954955,29006,0.7693,1.77238461418566e-05,9,11,1.61125874016878e-06
100703008,Syn,0,29006,0.2307,0,9,11,0
100703009,Non,0.246615705,29006,0.7693,1.10519052974952e-05,10,12,9.20992108124597e-07
100703009,Syn,0,29006,0.2307,0,10,12,0
100703010,Non,0.4443505,29006,0.7693,1.99132477994239e-05,11,13,1.53178829226338e-06
100703010,Syn,0,29006,0.2307,0,11,13,0
100801001,Non,0.05398595,29006,0.7693,2.41934148839105e-06,2,4,6.04835372097763e-07
100801001,Syn,0,29006,0.2307,0,2,4,0
100801002,Non,0.0541822,29006,0.7693,2.42813629087386e-06,3,5,4.85627258174772e-07
100801002,Syn,0.03880715,29006,0.2307,5.79930983593039e-06,3,5,1.15986196718608e-06
100801003,Non,0.050867395,29006,0.7693,2.27958569090431e-06,4,6,3.79930948484052e-07
100801003,Syn,0.02774545,29006,0.2307,4.14625812736351e-06,4,6,6.91043021227252e-07
100801004,Non,0.02939194,29006,0.7693,1.31717863381677e-06,5,7,1.88168376259539e-07
100801004,Syn,0.10869251,29006,0.2307,1.6242922820536e-05,5,7,2.32041754579085e-06
100801005,Non,0.0190125,29006,0.7693,8.52031501678398e-07,6,8,1.065039377098e-07
100801005,Syn,0.10633,29006,0.2307,1.58898711926663e-05,6,8,1.98623389908328e-06
100801006,Non,0.02820315,29006,0.7693,1.26390386569684e-06,7,9,1.40433762855204e-07
100801006,Syn,0.155018,29006,0.2307,2.31657674461087e-05,7,9,2.57397416067875e-06
100801007,Non,0.04742092,29006,0.7693,2.12513439466515e-06,8,10,2.12513439466515e-07
100801007,Syn,0.2324692,29006,0.2307,3.47400135828287e-05,8,10,3.47400135828287e-06
100801008,Non,0,29006,0.7693,0,9,11,0
100801008,Syn,0,29006,0.2307,0,9,11,0
101102001,Non,0.03013853,29006,0.7693,1.35063652724678e-06,3,5,2.70127305449356e-07
101102001,Syn,0.040669685,29006,0.2307,6.07764559481154e-06,3,5,1.21552911896231e-06
101102003,Non,0.05238198,29006,0.7693,2.34746072743131e-06,5,7,3.35351532490187e-07
101102003,Syn,0.157993165,29006,0.2307,2.36103737531427e-05,5,7,3.37291053616325e-06
101102004,Non,0.01630315,29006,0.7693,7.30613931707465e-07,6,8,9.13267414634331e-08
101102004,Syn,0.0904932,29006,0.2307,1.35232323127263e-05,6,8,1.69040403909079e-06
101102005,Non,0,29006,0.7693,0,7,9,0
101102005,Syn,0.16341871,29006,0.2307,2.44211629114237e-05,7,9,2.71346254571375e-06
101102006,Non,0.029175405,29006,0.7693,1.30747477366077e-06,8,10,1.30747477366077e-07
101102006,Syn,0.27956556,29006,0.2307,4.1778056412166e-05,8,10,4.1778056412166e-06
101102007,Non,0.0402457,29006,0.7693,1.80358207532404e-06,9,11,1.6396200684764e-07
101102007,Syn,0.373725485,29006,0.2307,5.58492412119508e-05,9,11,5.07720374654098e-06
101102008,Non,0.03678879,29006,0.7693,1.64866314207133e-06,10,12,1.37388595172611e-07
101102008,Syn,0.34741395,29006,0.2307,5.1917266209305e-05,10,12,4.32643885077541e-06
101102009,Non,0,29006,0.7693,0,11,13,0
101102009,Syn,0.0683413,29006,0.2307,1.02128698781093e-05,11,13,7.85605375239178e-07
101104001,Non,0,29006,0.7693,0,3,5,0
101104001,Syn,0.0376733,29006,0.2307,5.62986818774263e-06,3,5,1.12597363754853e-06
101104003,Non,0.007240015,29006,0.7693,3.24456060624543e-07,5,7,4.63508658035062e-08
101104003,Syn,0.0735057,29006,0.2307,1.09846337339111e-05,5,7,1.56923339055873e-06
101104010,Non,0,29006,0.7693,0,12,14,0
101104010,Syn,0,29006,0.2307,0,12,14,0
101105001,Non,0.028720375,29006,0.7693,1.2870829317563e-06,-1,1,1.2870829317563e-06
101105001,Syn,0.11792959,29006,0.2307,1.76233047578665e-05,-1,1,1.76233047578665e-05
101105003,Non,0.00816381,29006,0.7693,3.65855268571578e-07,1,3,1.21951756190526e-07
101105003,Syn,0.4692785,29006,0.2307,7.01286082807076e-05,1,3,2.33762027602359e-05
101105004,Non,0.023374525,29006,0.7693,1.04751251212462e-06,2,4,2.61878128031154e-07
101105004,Syn,0.398232845,29006,0.2307,5.95116017280074e-05,2,4,1.48779004320019e-05
101105005,Non,0.07309667,29006,0.7693,3.27577464866747e-06,3,5,6.55154929733494e-07
101105005,Syn,0.35907375,29006,0.2307,5.36596975093355e-05,3,5,1.07319395018671e-05
101105006,Non,0.1320455,29006,0.7693,5.91752403181459e-06,4,6,9.86254005302432e-07
101105006,Syn,0.1884575,29006,0.2307,2.81629399068175e-05,4,6,4.69382331780291e-06
101105007,Non,0.082309545,29006,0.7693,3.68864301006263e-06,5,7,5.26949001437518e-07
101105007,Syn,0.55006365,29006,0.2307,8.2201077271399e-05,5,7,1.17430110387713e-05
101105008,Non,0,29006,0.7693,0,6,8,0
101105008,Syn,0.1247207,29006,0.2307,1.86381628708659e-05,6,8,2.32977035885824e-06
101105009,Non,0.02777429,29006,0.7693,1.24468481350434e-06,7,9,1.38298312611594e-07
101105009,Syn,0.1147873,29006,0.2307,1.71537234228716e-05,7,9,1.90596926920796e-06
101105010,Non,0.01214565,29006,0.7693,5.44298561912438e-07,8,10,5.44298561912438e-08
101105010,Syn,0.06449955,29006,0.2307,9.63876179333149e-06,8,10,9.63876179333149e-07
101201001,Non,0.00542245,29006,0.7693,2.43003193492493e-07,4,6,4.05005322487489e-08
101201001,Syn,0,29006,0.2307,0,4,6,0
101201002,Non,0.07942935,29006,0.7693,3.55956914439653e-06,5,7,5.08509877770933e-07
101201002,Syn,0.0123025,29006,0.2307,1.83847588025747e-06,5,7,2.62639411465353e-07
101201003,Non,0,29006,0.7693,0,6,8,0
101201003,Syn,0,29006,0.2307,0,6,8,0
101201004,Non,0,29006,0.7693,0,7,9,0
101201004,Syn,0.01708774,29006,0.2307,2.55357836521933e-06,7,9,2.83730929468814e-07
101201005,Non,0.01822695,29006,0.7693,8.16827643893074e-07,8,10,8.16827643893074e-08
101201005,Syn,0.023147585,29006,0.2307,3.45915681436371e-06,8,10,3.45915681436371e-07
101201006,Non,0,29006,0.7693,0,9,11,0
101201006,Syn,0.01264747,29006,0.2307,1.89002792450965e-06,9,11,1.71820720409968e-07
101201007,Non,0.04722776,29006,0.7693,2.11647806830806e-06,10,12,1.76373172359005e-07
101201007,Syn,0.01908115,29006,0.2307,2.85147198070106e-06,10,12,2.37622665058422e-07
101201008,Non,0,29006,0.7693,0,11,13,0
101201008,Syn,0,29006,0.2307,0,11,13,0
101701001,Non,0.01529425,29006,0.7693,6.85400804446803e-07,6,8,8.56751005558503e-08
101701001,Syn,0,29006,0.2307,0,6,8,0
101701003,Non,0,29006,0.7693,0,8,10,0
101701003,Syn,0.03948955,29006,0.2307,5.90128715279182e-06,8,10,5.90128715279182e-07
101701004,Non,0.3873388,29006,0.7693,1.7358309502817e-05,9,11,1.57802813661973e-06
101701004,Syn,0,29006,0.2307,0,9,11,0
101701005,Non,0,29006,0.7693,0,10,12,0
101701005,Syn,0,29006,0.2307,0,10,12,0
101703003,Non,0.4170485,29006,0.7693,1.86897283222997e-05,2,4,4.67243208057493e-06
101703003,Syn,0.020920065,29006,0.2307,3.12627798544349e-06,2,4,7.81569496360871e-07
101703004,Non,0.7127435,29006,0.7693,3.19410868963323e-05,3,5,6.38821737926645e-06
101703004,Syn,0.0114165,29006,0.2307,1.70607274025275e-06,3,5,3.41214548050549e-07
101703005,Non,0.12307,29006,0.7693,5.51529346017412e-06,4,6,9.19215576695686e-07
101703005,Syn,0.0415773,29006,0.2307,6.21327886333907e-06,4,6,1.03554647722318e-06
101703006,Non,0.3477595,29006,0.7693,1.55845916637964e-05,5,7,2.2263702376852e-06
101703006,Syn,0.05572595,29006,0.2307,8.32764194102286e-06,5,7,1.18966313443184e-06
101703007,Non,0.7854875,29006,0.7693,3.52010568928132e-05,6,8,4.40013211160165e-06
101703007,Syn,0,29006,0.2307,0,6,8,0
101703008,Non,0.6860451,29006,0.7693,3.0744617318717e-05,7,9,3.41606859096855e-06
101703008,Syn,0,29006,0.2307,0,7,9,0
101703009,Non,0.992210775,29006,0.7693,4.4465211655739e-05,8,10,4.4465211655739e-06
101703009,Syn,0,29006,0.2307,0,8,10,0
101703010,Non,0.6700795,29006,0.7693,3.002913044728e-05,9,11,2.72992094975272e-06
101703010,Syn,0,29006,0.2307,0,9,11,0
101902001,Non,0.01241995,29006,0.7693,5.56591118962294e-07,1,3,1.85530372987431e-07
101902001,Syn,0,29006,0.2307,0,1,3,0
101902002,Non,0.448668,29006,0.7693,2.01067334540457e-05,2,4,5.02668336351142e-06
101902002,Syn,0,29006,0.2307,0,2,4,0
101902004,Non,0.5917038,29006,0.7693,2.65167798691816e-05,4,6,4.41946331153026e-06
101902004,Syn,0.01166097,29006,0.2307,1.74260614390619e-06,4,6,2.90434357317699e-07
101902005,Non,0.20746239,29006,0.7693,9.29727766961154e-06,5,7,1.32818252423022e-06
101902005,Syn,0.045626905,29006,0.2307,6.81844863509847e-06,5,7,9.74064090728353e-07
101902006,Non,0.03218021,29006,0.7693,1.4421329467785e-06,6,8,1.80266618347312e-07
101902006,Syn,0.06203824,29006,0.2307,9.27094557151995e-06,6,8,1.15886819643999e-06
101902007,Non,0,29006,0.7693,0,7,9,0
101902007,Syn,0,29006,0.2307,0,7,9,0
101902008,Non,0,29006,0.7693,0,8,10,0
101902008,Syn,0,29006,0.2307,0,8,10,0
102101002,Non,0.148063335,29006,0.7693,6.63535177717616e-06,4,6,1.10589196286269e-06
102101002,Syn,0.01855585,29006,0.2307,2.77297156372083e-06,4,6,4.62161927286806e-07
102101003,Non,0.04530637,29006,0.7693,2.03037235853765e-06,5,7,2.90053194076807e-07
102101003,Syn,0.0179456,29006,0.2307,2.68177628585641e-06,5,7,3.83110897979487e-07
102101004,Non,0.1949549,29006,0.7693,8.73676350856341e-06,6,8,1.09209543857043e-06
102101004,Syn,0.038322555,29006,0.2307,5.72689234199068e-06,6,8,7.15861542748834e-07
102102001,Non,0.00957986,29006,0.7693,4.29314530002305e-07,1,3,1.43104843334102e-07
102102001,Syn,0.009608065,29006,0.2307,1.43582164262922e-06,1,3,4.7860721420974e-07
102102003,Non,0,29006,0.7693,0,3,5,0
102102003,Syn,0,29006,0.2307,0,3,5,0
102102005,Non,0.030326995,29006,0.7693,1.35908245055849e-06,5,7,1.9415463579407e-07
102102005,Syn,0.340424365,29006,0.2307,5.08727481491132e-05,5,7,7.26753544987332e-06
102201002,Non,0.03438416,29006,0.7693,1.54090137955294e-06,3,5,3.08180275910588e-07
102201002,Syn,0,29006,0.2307,0,3,5,0
102201003,Non,0.01652775,29006,0.7693,7.40679219033012e-07,4,6,1.23446536505502e-07
102201003,Syn,0,29006,0.2307,0,4,6,0
102201004,Non,0.00687487,29006,0.7693,3.080923502929e-07,5,7,4.40131928989858e-08
102201004,Syn,0.0061489,29006,0.2307,9.18886757985381e-07,5,7,1.31269536855054e-07
102201005,Non,0,29006,0.7693,0,6,8,0
102201005,Syn,0.008559635,29006,0.2307,1.27914509175433e-06,6,8,1.59893136469291e-07
102201006,Non,0.016466565,29006,0.7693,7.37937257300983e-07,7,9,8.19930285889982e-08
102201006,Syn,0,29006,0.2307,0,7,9,0
102201007,Non,0,29006,0.7693,0,8,10,0
102201007,Syn,0,29006,0.2307,0,8,10,0
102201008,Non,0.008551355,29006,0.7693,3.83222818778965e-07,9,11,3.4838438070815e-08
102201008,Syn,0,29006,0.2307,0,9,11,0
102201009,Non,0.007032645,29006,0.7693,3.15162923346276e-07,10,12,2.6263576945523e-08
102201009,Syn,0,29006,0.2307,0,10,12,0
102201010,Non,0,29006,0.7693,0,11,13,0
102201010,Syn,0,29006,0.2307,0,11,13,0
102202006,Non,0.20105135,29006,0.7693,9.00997152688858e-06,2,4,2.25249288172215e-06
102202006,Syn,0,29006,0.2307,0,2,4,0
102202008,Non,0,29006,0.7693,0,4,6,0
102202008,Syn,0,29006,0.2307,0,4,6,0
102202009,Non,0.03468822,29006,0.7693,1.55452760958057e-06,5,7,2.22075372797225e-07
102202009,Syn,0.018044435,29006,0.2307,2.69654611017059e-06,5,7,3.85220872881513e-07
102202010,Non,0.02076285,29006,0.7693,9.30472176969011e-07,6,8,1.16309022121126e-07
102202010,Syn,0.02496425,29006,0.2307,3.73063779668503e-06,6,8,4.66329724585628e-07
102301002,Non,0,29006,0.7693,0,3,5,0
102301002,Syn,0,29006,0.2307,0,3,5,0
102301003,Non,0,29006,0.7693,0,4,6,0
102301003,Syn,0.00677816,29006,0.2307,1.01292287523072e-06,4,6,1.6882047920512e-07
102301004,Non,0,29006,0.7693,0,5,7,0
102301004,Syn,0.01428515,29006,0.2307,2.13476152984028e-06,5,7,3.04965932834325e-07
102301005,Non,0,29006,0.7693,0,6,8,0
102301005,Syn,0.008884915,29006,0.2307,1.32775467796284e-06,6,8,1.65969334745355e-07
102301006,Non,0.06281088,29006,0.7693,2.81482437386675e-06,7,9,3.12758263762973e-07
102301006,Syn,0.02804557,29006,0.2307,4.19110782304999e-06,7,9,4.65678647005554e-07
102301007,Non,0.01744209,29006,0.7693,7.81654707961066e-07,8,10,7.81654707961066e-08
102301007,Syn,0.03609309,29006,0.2307,5.39372285380712e-06,8,10,5.39372285380712e-07
102301008,Non,0.03399015,29006,0.7693,1.52324410502427e-06,9,11,1.38476736820388e-07
102301008,Syn,0.0172299,29006,0.2307,2.57482264330406e-06,9,11,2.34074785754914e-07
102301009,Non,0,29006,0.7693,0,10,12,0
102301009,Syn,0,29006,0.2307,0,10,12,0
102301010,Non,0,29006,0.7693,0,11,13,0
102301010,Syn,0,29006,0.2307,0,11,13,0
102303005,Non,0.01987885,29006,0.7693,8.90856353301229e-07,4,6,1.48476058883538e-07
102303005,Syn,0,29006,0.2307,0,4,6,0
102303007,Non,0.007775005,29006,0.7693,3.4843125237118e-07,6,8,4.35539065463974e-08
102303007,Syn,0.00632974,29006,0.2307,9.45911344710499e-07,6,8,1.18238918088812e-07
102303008,Non,0.221953,29006,0.7693,9.9466639259448e-06,7,9,1.10518488066053e-06
102303008,Syn,0,29006,0.2307,0,7,9,0
102303009,Non,0.09588715,29006,0.7693,4.29711360453185e-06,8,10,4.29711360453185e-07
102303009,Syn,0.015653395,29006,0.2307,2.33923098164136e-06,8,10,2.33923098164136e-07
102303010,Non,0.1303398,29006,0.7693,5.84108431413344e-06,9,11,5.31007664921222e-07
102303010,Syn,0,29006,0.2307,0,9,11,0
102401002,Non,0.05537106,29006,0.7693,2.48141419599341e-06,2,4,6.20353548998352e-07
102401002,Syn,0,29006,0.2307,0,2,4,0
102401003,Non,0.0125997,29006,0.7693,5.64646485822344e-07,3,5,1.12929297164469e-07
102401003,Syn,0,29006,0.2307,0,3,5,0
102401004,Non,0.19735445,29006,0.7693,8.84429761453856e-06,4,6,1.47404960242309e-06
102401004,Syn,0.066787,29006,0.2307,9.98059651410328e-06,4,6,1.66343275235055e-06
102401005,Non,0.04663608,29006,0.7693,2.08996235501875e-06,5,7,2.98566050716964e-07
102401005,Syn,0,29006,0.2307,0,5,7,0
102401006,Non,0,29006,0.7693,0,6,8,0
102401006,Syn,0,29006,0.2307,0,6,8,0
102401007,Non,0.0815457,29006,0.7693,3.65441184622833e-06,7,9,4.06045760692037e-07
102401007,Syn,0.008100655,29006,0.2307,1.21055548317716e-06,7,9,1.34506164797463e-07
102501007,Non,0.112937,29006,0.7693,5.06119035924014e-06,10,12,4.21765863270012e-07
102501007,Syn,0,29006,0.2307,0,10,12,0
102601002,Non,0.00865488,29006,0.7693,3.87862217133272e-07,4,6,6.46437028555453e-08
102601002,Syn,0.02767644,29006,0.2307,4.13594532748572e-06,4,6,6.8932422124762e-07
102601003,Non,0.0110515,29006,0.7693,4.95265017267525e-07,5,7,7.07521453239321e-08
102601003,Syn,0,29006,0.2307,0,5,7,0
102601004,Non,0.0556642,29006,0.7693,2.49455105408161e-06,6,8,3.11818881760202e-07
102601004,Syn,0,29006,0.2307,0,6,8,0
102601005,Non,0.025131795,29006,0.7693,1.12626330223399e-06,7,9,1.25140366914887e-07
102601005,Syn,0.024581575,29006,0.2307,3.67345114702215e-06,7,9,4.08161238558017e-07
102602001,Non,0.01010257,29006,0.7693,4.52739402388488e-07,2,4,1.13184850597122e-07
102602001,Syn,0,29006,0.2307,0,2,4,0
102602003,Non,0.0329404,29006,0.7693,1.47620031441878e-06,4,6,2.46033385736464e-07
102602003,Syn,0,29006,0.2307,0,4,6,0
102602004,Non,0.01653285,29006,0.7693,7.40907771861865e-07,5,7,1.05843967408838e-07
102602004,Syn,0.08032575,29006,0.2307,1.20038166176461e-05,5,7,1.71483094537802e-06
102602005,Non,0.070160975,29006,0.7693,3.1442135904521e-06,6,8,3.93026698806512e-07
102602005,Syn,0.12788,29006,0.2307,1.91102861668218e-05,6,8,2.38878577085272e-06
102602006,Non,0.10303925,29006,0.7693,4.6176298177155e-06,7,9,5.13069979746166e-07
102602006,Syn,0.05198705,29006,0.2307,7.76890367898712e-06,7,9,8.63211519887458e-07
102602008,Non,0,29006,0.7693,0,9,11,0
102602008,Syn,0.0371232,29006,0.2307,5.54766167835595e-06,9,11,5.04332879850541e-07
102602010,Non,0,29006,0.7693,0,11,13,0
102602010,Syn,0,29006,0.2307,0,11,13,0
102603001,Non,0,29006,0.7693,0,-1,1,0
102603001,Syn,0,29006,0.2307,0,-1,1,0
102603003,Non,0.0398932,29006,0.7693,1.78778504156511e-06,1,3,5.9592834718837e-07
102603003,Syn,0,29006,0.2307,0,1,3,0
102603004,Non,0,29006,0.7693,0,2,4,0
102603004,Syn,0.091305,29006,0.2307,1.36445470633536e-05,2,4,3.41113676583841e-06
102603006,Non,0,29006,0.7693,0,4,6,0
102603006,Syn,0.04903565,29006,0.2307,7.32784879477726e-06,4,6,1.22130813246288e-06
102603007,Non,0.016229,29006,0.7693,7.27290952833069e-07,5,7,1.03898707547581e-07
102603007,Syn,0.0440178,29006,0.2307,6.57798525519181e-06,5,7,9.39712179313116e-07
102603008,Non,0,29006,0.7693,0,6,8,0
102603008,Syn,0.0971541,29006,0.2307,1.45186319461997e-05,6,8,1.81482899327497e-06
102603009,Non,0,29006,0.7693,0,7,9,0
102603009,Syn,0.0146765,29006,0.2307,2.19324456464936e-06,7,9,2.43693840516596e-07
102603010,Non,0.0062167,29006,0.7693,2.78596935515271e-07,8,10,2.78596935515271e-08
102603010,Syn,0.37077,29006,0.2307,5.54075758685683e-05,8,10,5.54075758685683e-06
102604007,Non,0,29006,0.7693,0,4,6,0
102604007,Syn,0,29006,0.2307,0,4,6,0
102604009,Non,0.02173702,29006,0.7693,9.74128904279467e-07,6,8,1.21766113034933e-07
102604009,Syn,0,29006,0.2307,0,6,8,0
102604010,Non,0,29006,0.7693,0,7,9,0
102604010,Syn,0,29006,0.2307,0,7,9,0
102701002,Non,0.07988014,29006,0.7693,3.57977097375309e-06,2,4,8.94942743438273e-07
102701002,Syn,0.02342085,29006,0.2307,3.49999332006732e-06,2,4,8.74998330016829e-07
102701003,Non,0.07283132,29006,0.7693,3.26388317942511e-06,3,5,6.52776635885022e-07
102701003,Syn,0.0682594,29006,0.2307,1.02006308068154e-05,3,5,2.04012616136308e-06
102701004,Non,0.154445995,29006,0.7693,6.92138609062797e-06,4,6,1.153564348438e-06
102701004,Syn,0.01442305,29006,0.2307,2.15536919689067e-06,4,6,3.59228199481779e-07
102703005,Non,0,29006,0.7693,0,4,6,0
102703005,Syn,0,29006,0.2307,0,4,6,0
102703007,Non,0,29006,0.7693,0,6,8,0
102703007,Syn,0.007040545,29006,0.2307,1.0521334823302e-06,6,8,1.31516685291275e-07
102703008,Non,0,29006,0.7693,0,7,9,0
102703008,Syn,0,29006,0.2307,0,7,9,0
102801002,Non,0.01720345,29006,0.7693,7.70960228141971e-07,5,7,1.10137175448853e-07
102801002,Syn,0,29006,0.2307,0,5,7,0
102801003,Non,0.210613075,29006,0.7693,9.43847334992005e-06,6,8,1.17980916874001e-06
102801003,Syn,0,29006,0.2307,0,6,8,0
102801004,Non,0.47108361,29006,0.7693,2.11112728807038e-05,7,9,2.34569698674486e-06
102801004,Syn,0,29006,0.2307,0,7,9,0
102801005,Non,0.7053875,29006,0.7693,3.16114330514225e-05,8,10,3.16114330514225e-06
102801005,Syn,0,29006,0.2307,0,8,10,0
102901002,Non,0,29006,0.7693,0,5,7,0
102901002,Syn,0,29006,0.2307,0,5,7,0
102901003,Non,0,29006,0.7693,0,6,8,0
102901003,Syn,0,29006,0.2307,0,6,8,0
102901004,Non,0,29006,0.7693,0,7,9,0
102901004,Syn,0,29006,0.2307,0,7,9,0
102901005,Non,0,29006,0.7693,0,8,10,0
102901005,Syn,0.0189577,29006,0.2307,2.83302371023426e-06,8,10,2.83302371023426e-07
102901006,Non,0.11032255,29006,0.7693,4.94402566445707e-06,9,11,4.49456878587007e-07
102901006,Syn,0,29006,0.2307,0,9,11,0
102901010,Non,0.02166636,29006,0.7693,9.70962327242854e-07,13,15,6.47308218161903e-08
102901010,Syn,0,29006,0.2307,0,13,15,0
102902001,Non,0,29006,0.7693,0,0,2,0
102902001,Syn,0,29006,0.2307,0,0,2,0
102902004,Non,0,29006,0.7693,0,3,5,0
102902004,Syn,0,29006,0.2307,0,3,5,0
102902005,Non,0,29006,0.7693,0,4,6,0
102902005,Syn,0.00816643,29006,0.2307,1.22038484721081e-06,4,6,2.03397474535135e-07
102902006,Non,0,29006,0.7693,0,5,7,0
102902006,Syn,0,29006,0.2307,0,5,7,0
102902007,Non,0,29006,0.7693,0,6,8,0
102902007,Syn,0,29006,0.2307,0,6,8,0
102902008,Non,0.01995065,29006,0.7693,8.94074018617232e-07,7,9,9.93415576241369e-08
102902008,Syn,0,29006,0.2307,0,7,9,0
102902009,Non,0,29006,0.7693,0,8,10,0
102902009,Syn,0,29006,0.2307,0,8,10,0
102902010,Non,0.15032465,29006,0.7693,6.73669098113239e-06,9,11,6.12426452830217e-07
102902010,Syn,0,29006,0.2307,0,9,11,0
103001002,Non,0,29006,0.7693,0,2,4,0
103001002,Syn,0.157085,29006,0.2307,2.34746582930498e-05,2,4,5.86866457326244e-06
103001003,Non,0,29006,0.7693,0,3,5,0
103001003,Syn,0.2943205,29006,0.2307,4.39830229884429e-05,3,5,8.79660459768858e-06
103001004,Non,0,29006,0.7693,0,4,6,0
103001004,Syn,0.152755,29006,0.2307,2.28275865140199e-05,4,6,3.80459775233665e-06
103001005,Non,0,29006,0.7693,0,5,7,0
103001005,Syn,0.484942,29006,0.2307,7.24693493455653e-05,5,7,1.03527641922236e-05
103001006,Non,0,29006,0.7693,0,6,8,0
103001006,Syn,0.6174065,29006,0.2307,9.22647395703461e-05,6,8,1.15330924462933e-05
103001007,Non,0,29006,0.7693,0,7,9,0
103001007,Syn,0.580326,29006,0.2307,8.67234589462545e-05,7,9,9.63593988291717e-06
103001008,Non,0.025754035,29006,0.7693,1.15414853992521e-06,8,10,1.15414853992521e-07
103001008,Syn,0.918524565,29006,0.2307,0.000137263585301889,8,10,1.37263585301889e-05
103001009,Non,0,29006,0.7693,0,9,11,0
103001009,Syn,0.510096,29006,0.2307,7.6228343232336e-05,9,11,6.92984938475782e-06
103001010,Non,0.00756319,29006,0.7693,3.3893891561757e-07,10,12,2.82449096347975e-08
103001010,Syn,0.0825715,29006,0.2307,1.23394197233635e-05,10,12,1.02828497694696e-06
103002006,Non,0.00979128,29006,0.7693,4.38789165115249e-07,5,7,6.26841664450355e-08
103002006,Syn,0,29006,0.2307,0,5,7,0
103002007,Non,0,29006,0.7693,0,6,8,0
103002007,Syn,0,29006,0.2307,0,6,8,0
103002008,Non,0,29006,0.7693,0,7,9,0
103002008,Syn,0,29006,0.2307,0,7,9,0
103002009,Non,0.008545225,29006,0.7693,3.8294810724154e-07,8,10,3.8294810724154e-08
103002009,Syn,0.04700475,29006,0.2307,7.02435270331496e-06,8,10,7.02435270331496e-07
103002010,Non,0,29006,0.7693,0,9,11,0
103002010,Syn,0.05006934,29006,0.2307,7.48232261169767e-06,9,11,6.8021114651797e-07
103101002,Non,0.02029315,29006,0.7693,9.09422909574489e-07,4,6,1.51570484929082e-07
103101002,Syn,0,29006,0.2307,0,4,6,0
103101003,Non,0.0205963,29006,0.7693,9.23008358607168e-07,5,7,1.31858336943881e-07
103101003,Syn,0,29006,0.2307,0,5,7,0
103101004,Non,0.0163058,29006,0.7693,7.30732689549908e-07,6,8,9.13415861937384e-08
103101004,Syn,0,29006,0.2307,0,6,8,0
103101005,Non,0.01366025,29006,0.7693,6.1217427065364e-07,7,9,6.801936340596e-08
103101005,Syn,0,29006,0.2307,0,7,9,0
103101006,Non,0,29006,0.7693,0,8,10,0
103101006,Syn,0,29006,0.2307,0,8,10,0
103101007,Non,0,29006,0.7693,0,9,11,0
103101007,Syn,0,29006,0.2307,0,9,11,0
103101010,Non,0.260267,29006,0.7693,1.16636782562699e-05,12,14,8.3311987544785e-07
103101010,Syn,0,29006,0.2307,0,12,14,0
103201002,Non,0,29006,0.7693,0,6,8,0
103201002,Syn,0,29006,0.2307,0,6,8,0
103201003,Non,0,29006,0.7693,0,7,9,0
103201003,Syn,0.011028675,29006,0.2307,1.64811647865869e-06,7,9,1.83124053184299e-07
103201004,Non,0,29006,0.7693,0,8,10,0
103201004,Syn,0.06085565,29006,0.2307,9.09422025623983e-06,8,10,9.09422025623983e-07
103201005,Non,0,29006,0.7693,0,9,11,0
103201005,Syn,0.01842145,29006,0.2307,2.75288693390522e-06,9,11,2.50262448536838e-07
103201006,Non,0.009589895,29006,0.7693,4.29764241303782e-07,10,12,3.58136867753152e-08
103201006,Syn,0.05946314,29006,0.2307,8.8861246620096e-06,10,12,7.405103885008e-07
103201007,Non,0,29006,0.7693,0,11,13,0
103201007,Syn,0.0330641,29006,0.2307,4.94107298129819e-06,11,13,3.80082537022938e-07
103202001,Non,0,29006,0.7693,0,2,4,0
103202001,Syn,0,29006,0.2307,0,2,4,0
103202003,Non,0,29006,0.7693,0,4,6,0
103202003,Syn,0,29006,0.2307,0,4,6,0
103202004,Non,0,29006,0.7693,0,5,7,0
103202004,Syn,0,29006,0.2307,0,5,7,0
103202005,Non,0,29006,0.7693,0,6,8,0
103202005,Syn,0,29006,0.2307,0,6,8,0
103202006,Non,0,29006,0.7693,0,7,9,0
103202006,Syn,0,29006,0.2307,0,7,9,0
103202007,Non,0.01240885,29006,0.7693,5.56093680452439e-07,8,10,5.56093680452439e-08
103202007,Syn,0,29006,0.2307,0,8,10,0
103202008,Non,0,29006,0.7693,0,9,11,0
103202008,Syn,0,29006,0.2307,0,9,11,0
103202009,Non,0,29006,0.7693,0,10,12,0
103202009,Syn,0.1213285,29006,0.2307,1.81312351829155e-05,10,12,1.51093626524296e-06
103202010,Non,0,29006,0.7693,0,11,13,0
103202010,Syn,0,29006,0.2307,0,11,13,0
103301002,Non,0.0117768,29006,0.7693,5.27768814672776e-07,4,6,8.79614691121294e-08
103301002,Syn,0.02275945,29006,0.2307,3.40115422661458e-06,4,6,5.66859037769097e-07
103301003,Non,0.008141225,29006,0.7693,3.64843138054002e-07,5,7,5.21204482934289e-08
103301003,Syn,0,29006,0.2307,0,5,7,0
103301004,Non,0.02735335,29006,0.7693,1.22582069041077e-06,6,8,1.53227586301347e-07
103301004,Syn,0.05798265,29006,0.2307,8.66488140608907e-06,6,8,1.08311017576113e-06
103301006,Non,0,29006,0.7693,0,8,10,0
103301006,Syn,0.0122572,29006,0.2307,1.8317062840473e-06,8,10,1.8317062840473e-07
103302006,Non,0,29006,0.7693,0,4,6,0
103302006,Syn,0,29006,0.2307,0,4,6,0
103302008,Non,0,29006,0.7693,0,6,8,0
103302008,Syn,0,29006,0.2307,0,6,8,0
103302009,Non,0.01309655,29006,0.7693,5.86912460923404e-07,7,9,6.5212495658156e-08
103302009,Syn,0.03417255,29006,0.2307,5.10671887355354e-06,7,9,5.67413208172615e-07
103302010,Non,0.0100851,29006,0.7693,4.51956496913968e-07,8,10,4.51956496913968e-08
103302010,Syn,0.02135306,29006,0.2307,3.19098441615042e-06,8,10,3.19098441615042e-07
103401002,Non,0,29006,0.7693,0,6,8,0
103401002,Syn,0,29006,0.2307,0,6,8,0
103401003,Non,0.02998881,29006,0.7693,1.34392693322015e-06,7,9,1.49325214802239e-07
103401003,Syn,0.01079923,29006,0.2307,1.61382839913456e-06,7,9,1.79314266570506e-07
103401004,Non,0.0123075,29006,0.7693,5.51551753157495e-07,8,10,5.51551753157495e-08
103401004,Syn,0.012450175,29006,0.2307,1.86054431558501e-06,8,10,1.86054431558501e-07
103401005,Non,0.07488855,29006,0.7693,3.35607646101343e-06,9,11,3.0509786009213e-07
103401005,Syn,0,29006,0.2307,0,9,11,0
103401006,Non,0.2670699,29006,0.7693,1.19685453228192e-05,10,12,9.97378776901598e-07
103401006,Syn,0.118253,29006,0.2307,1.76716348927524e-05,10,12,1.4726362410627e-06
103401007,Non,0.009475715,29006,0.7693,4.24647346794294e-07,11,13,3.2665180522638e-08
103401007,Syn,0.11757225,29006,0.2307,1.75699041505874e-05,11,13,1.35153108850672e-06
103402001,Non,0.0134446,29006,0.7693,6.02510071135589e-07,0,2,3.01255035567795e-07
103402001,Syn,0,29006,0.2307,0,0,2,0
103402003,Non,0,29006,0.7693,0,2,4,0
103402003,Syn,0,29006,0.2307,0,2,4,0
103402004,Non,0.00717268,29006,0.7693,3.21438491069486e-07,3,5,6.42876982138973e-08
103402004,Syn,0.02877375,29006,0.2307,4.29992646694236e-06,3,5,8.59985293388472e-07
103402005,Non,0.010648,29006,0.7693,4.7718245522007e-07,4,6,7.9530409203345e-08
103402005,Syn,0.06883845,29006,0.2307,1.02871635813298e-05,4,6,1.71452726355497e-06
103402006,Non,0,29006,0.7693,0,5,7,0
103402006,Syn,0.0308423,29006,0.2307,4.60904894465881e-06,5,7,6.58435563522687e-07
103402007,Non,0.0215183,29006,0.7693,9.64327124921303e-07,6,8,1.20540890615163e-07
103402007,Syn,0.1501145,29006,0.2307,2.24329922801796e-05,6,8,2.80412403502245e-06
103402008,Non,0.02445335,29006,0.7693,1.09585927792597e-06,7,9,1.21762141991774e-07
103402008,Syn,0,29006,0.2307,0,7,9,0
103403001,Non,0.01624464,29006,0.7693,7.27991848174883e-07,4,6,1.21331974695814e-07
103403001,Syn,0.273752,29006,0.2307,4.09092825988411e-05,4,6,6.81821376647352e-06
103403003,Non,0.351945565,29006,0.7693,1.57721871535044e-05,6,8,1.97152339418805e-06
103403003,Syn,0.2852165,29006,0.2307,4.26225284211709e-05,6,8,5.32781605264636e-06
103403004,Non,1.6297315,29006,0.7693,7.30352440382689e-05,7,9,8.11502711536321e-06
103403004,Syn,0.8319855,29006,0.2307,0.000124331255799549,7,9,1.38145839777277e-05
103403005,Non,0.9746055,29006,0.7693,4.36762439294688e-05,8,10,4.36762439294688e-06
103403005,Syn,0.022021975,29006,0.2307,3.29094654526584e-06,8,10,3.29094654526584e-07
103403006,Non,0.9694895,29006,0.7693,4.34469740721336e-05,9,11,3.9497249156485e-06
103403006,Syn,0,29006,0.2307,0,9,11,0
103404001,Non,0,29006,0.7693,0,1,3,0
103404001,Syn,0,29006,0.2307,0,1,3,0
103404003,Non,0.0229307,29006,0.7693,1.02762281422942e-06,3,5,2.05524562845884e-07
103404003,Syn,0,29006,0.2307,0,3,5,0
103404004,Non,0,29006,0.7693,0,4,6,0
103404004,Syn,0,29006,0.2307,0,4,6,0
103404005,Non,0.160809985,29006,0.7693,7.20658372146907e-06,5,7,1.02951196020987e-06
103404005,Syn,0,29006,0.2307,0,5,7,0
103404006,Non,0.54074113,29006,0.7693,2.42329244977343e-05,6,8,3.02911556221679e-06
103404006,Syn,0,29006,0.2307,0,6,8,0
103404007,Non,0.27724105,29006,0.7693,1.24243580885415e-05,7,9,1.38048423206017e-06
103404007,Syn,0.04728465,29006,0.2307,7.0661807381765e-06,7,9,7.85131193130722e-07
103404008,Non,0.03538435,29006,0.7693,1.58572417443335e-06,8,10,1.58572417443335e-07
103404008,Syn,0,29006,0.2307,0,8,10,0
103404009,Non,0,29006,0.7693,0,9,11,0
103404009,Syn,0,29006,0.2307,0,9,11,0
103404010,Non,0,29006,0.7693,0,10,12,0
103404010,Syn,0,29006,0.2307,0,10,12,0
103501002,Non,0.0704905,29006,0.7693,3.15898101612419e-06,3,5,6.31796203224837e-07
103501002,Syn,0,29006,0.2307,0,3,5,0
103501003,Non,0,29006,0.7693,0,4,6,0
103501003,Syn,0,29006,0.2307,0,4,6,0
103501004,Non,0,29006,0.7693,0,5,7,0
103501004,Syn,0,29006,0.2307,0,5,7,0
103501005,Non,0,29006,0.7693,0,6,8,0
103501005,Syn,0,29006,0.2307,0,6,8,0
103501006,Non,0,29006,0.7693,0,7,9,0
103501006,Syn,0.006182515,29006,0.2307,9.23910157027434e-07,7,9,1.02656684114159e-07
103501007,Non,0,29006,0.7693,0,8,10,0
103501007,Syn,0.0144936,29006,0.2307,2.16591213315177e-06,8,10,2.16591213315177e-07
103501008,Non,0.0991544,29006,0.7693,4.44353306140805e-06,9,11,4.03957551037095e-07
103501008,Syn,0,29006,0.2307,0,9,11,0
103502001,Non,0.356557745,29006,0.7693,1.59788786802058e-05,1,3,5.32629289340194e-06
103502001,Syn,0,29006,0.2307,0,1,3,0
103502003,Non,0.270390045,29006,0.7693,1.21173352310448e-05,3,5,2.42346704620896e-06
103502003,Syn,0.008084165,29006,0.2307,1.20809123060529e-06,3,5,2.41618246121059e-07
103502004,Non,0.2164725,29006,0.7693,9.7010592634886e-06,4,6,1.61684321058143e-06
103502004,Syn,0.01895618,29006,0.2307,2.83279656263516e-06,4,6,4.72132760439193e-07
103502005,Non,0.33064857,29006,0.7693,1.48177776528555e-05,5,7,2.11682537897935e-06
103502005,Syn,0.0183873,29006,0.2307,2.74778358488585e-06,5,7,3.9254051212655e-07
103502006,Non,0.454845035,29006,0.7693,2.03835528311381e-05,6,8,2.54794410389226e-06
103502006,Syn,0.030656965,29006,0.2307,4.58135262868502e-06,6,8,5.72669078585627e-07
103502007,Non,0.544734805,29006,0.7693,2.4411898168081e-05,7,9,2.71243312978677e-06
103502007,Syn,0.016546915,29006,0.2307,2.47275790450482e-06,7,9,2.74750878278313e-07
103502008,Non,0.51442891,29006,0.7693,2.3053761298834e-05,8,10,2.3053761298834e-06
103502008,Syn,0.0841978,29006,0.2307,1.25824527104851e-05,8,10,1.25824527104851e-06
103502009,Non,0.46901195,29006,0.7693,2.10184329290527e-05,9,11,1.91076662991388e-06
103502009,Syn,0,29006,0.2307,0,9,11,0
103503001,Non,0.026376865,29006,0.7693,1.18206021804173e-06,NA,NA,NA
103503001,Syn,0.0459067,29006,0.2307,6.86026097884296e-06,NA,NA,NA
103503003,Non,0,29006,0.7693,0,NA,NA,NA
103503003,Syn,0,29006,0.2307,0,NA,NA,NA
103503004,Non,0,29006,0.7693,0,NA,NA,NA
103503004,Syn,0,29006,0.2307,0,NA,NA,NA
103503005,Non,0,29006,0.7693,0,NA,NA,NA
103503005,Syn,0,29006,0.2307,0,NA,NA,NA
103503006,Non,0,29006,0.7693,0,NA,NA,NA
103503006,Syn,0.153596,29006,0.2307,2.29532648895774e-05,NA,NA,NA
103503007,Non,0,29006,0.7693,0,NA,NA,NA
103503007,Syn,0,29006,0.2307,0,NA,NA,NA
103503008,Non,0.43677865,29006,0.7693,1.95739207921401e-05,NA,NA,NA
103503008,Syn,0,29006,0.2307,0,NA,NA,NA
103503009,Non,0.0591531,29006,0.7693,2.65090359615687e-06,NA,NA,NA
103503009,Syn,0,29006,0.2307,0,NA,NA,NA
103504007,Non,0,29006,0.7693,0,0,2,0
103504007,Syn,0,29006,0.2307,0,0,2,0
103504008,Non,0,29006,0.7693,0,1,3,0
103504008,Syn,0.03664355,29006,0.2307,5.47598316130938e-06,1,3,1.82532772043646e-06
103504009,Non,0,29006,0.7693,0,2,4,0
103504009,Syn,0,29006,0.2307,0,2,4,0
103504010,Non,0,29006,0.7693,0,3,5,0
103504010,Syn,0,29006,0.2307,0,3,5,0
103601002,Non,0,29006,0.7693,0,6,8,0
103601002,Syn,0.01262425,29006,0.2307,1.8865579460549e-06,6,8,2.35819743256862e-07
103601003,Non,0,29006,0.7693,0,7,9,0
103601003,Syn,0,29006,0.2307,0,7,9,0
103601004,Non,0,29006,0.7693,0,8,10,0
103601004,Syn,0,29006,0.2307,0,8,10,0
103601005,Non,0,29006,0.7693,0,9,11,0
103601005,Syn,0,29006,0.2307,0,9,11,0
103602001,Non,0,29006,0.7693,0,-6,-4,0
103602001,Syn,0,29006,0.2307,0,-6,-4,0
103602003,Non,0,29006,0.7693,0,-4,-2,0
103602003,Syn,0,29006,0.2307,0,-4,-2,0
103701002,Non,0,29006,0.7693,0,6,8,0
103701002,Syn,0,29006,0.2307,0,6,8,0
103701004,Non,0.023243865,29006,0.7693,1.04165707827797e-06,8,10,1.04165707827797e-07
103701004,Syn,0.03090316,29006,0.2307,4.61814381497561e-06,8,10,4.61814381497561e-07
103701005,Non,0.10138772,29006,0.7693,4.543617689591e-06,9,11,4.13056153599182e-07
103701005,Syn,0.044236495,29006,0.2307,6.61066686320912e-06,9,11,6.00969714837192e-07
103701006,Non,0.10033145,29006,0.7693,4.49628170987882e-06,10,12,3.74690142489902e-07
103701006,Syn,0,29006,0.2307,0,10,12,0
103701007,Non,0,29006,0.7693,0,11,13,0
103701007,Syn,0.03054565,29006,0.2307,4.56471780303081e-06,11,13,3.51132138694678e-07
103701008,Non,0,29006,0.7693,0,12,14,0
103701008,Syn,0.03134,29006,0.2307,4.68342483944475e-06,12,14,3.34530345674625e-07
103701009,Non,0.04355795,29006,0.7693,1.95201817480776e-06,13,15,1.30134544987184e-07
103701009,Syn,0,29006,0.2307,0,13,15,0
103702006,Non,0,29006,0.7693,0,3,5,0
103702006,Syn,0,29006,0.2307,0,3,5,0
103702007,Non,0,29006,0.7693,0,4,6,0
103702007,Syn,0,29006,0.2307,0,4,6,0
103702008,Non,0,29006,0.7693,0,5,7,0
103702008,Syn,0,29006,0.2307,0,5,7,0
103702009,Non,0,29006,0.7693,0,6,8,0
103702009,Syn,0,29006,0.2307,0,6,8,0
103702010,Non,0,29006,0.7693,0,7,9,0
103702010,Syn,0.02203474,29006,0.2307,3.29285413678069e-06,7,9,3.65872681864521e-07
103801002,Non,0,29006,0.7693,0,5,7,0
103801002,Syn,0,29006,0.2307,0,5,7,0
103801003,Non,0.009337535,29006,0.7693,4.18454909560794e-07,6,8,5.23068636950993e-08
103801003,Syn,0,29006,0.2307,0,6,8,0
103801004,Non,0.007505885,29006,0.7693,3.3637083329259e-07,7,9,3.737453703251e-08
103801004,Syn,0,29006,0.2307,0,7,9,0
103801005,Non,0.068118015,29006,0.7693,3.05265980864177e-06,8,10,3.05265980864177e-07
103801005,Syn,0,29006,0.2307,0,8,10,0
103801006,Non,0.11067062,29006,0.7693,4.95962417095486e-06,9,11,4.5087492463226e-07
103801006,Syn,0.0133689,29006,0.2307,1.99783785373494e-06,9,11,1.81621623066813e-07
103801007,Non,1.52121315,29006,0.7693,6.81720722980895e-05,10,12,5.68100602484079e-06
103801007,Syn,0.02293005,29006,0.2307,3.42664855582994e-06,10,12,2.85554046319161e-07
103801010,Non,0,29006,0.7693,0,13,15,0
103801010,Syn,0.850026,29006,0.2307,0.000127027213866428,13,15,8.46848092442856e-06
103802003,Non,0.0721077,29006,0.7693,3.23145467001054e-06,-1,1,3.23145467001054e-06
103802003,Syn,0,29006,0.2307,0,-1,1,0
103802004,Non,0,29006,0.7693,0,0,2,0
103802004,Syn,0,29006,0.2307,0,0,2,0
103802005,Non,0,29006,0.7693,0,1,3,0
103802005,Syn,0.8475435,29006,0.2307,0.000126656231027758,1,3,4.22187436759194e-05
103802006,Non,0,29006,0.7693,0,2,4,0
103802006,Syn,0.950635,29006,0.2307,0.000142062143339042,2,4,3.55155358347604e-05
103802007,Non,0,29006,0.7693,0,3,5,0
103802007,Syn,0.978124,29006,0.2307,0.000146170077781017,3,5,2.92340155562033e-05
103802008,Non,0,29006,0.7693,0,4,6,0
103802008,Syn,0,29006,0.2307,0,4,6,0
103802009,Non,0,29006,0.7693,0,5,7,0
103802009,Syn,0.007526455,29006,0.2307,1.12474748883099e-06,5,7,1.60678212690141e-07
103802010,Non,0.0275825,29006,0.7693,1.23608988271108e-06,6,8,1.54511235338885e-07
103802010,Syn,0.98379025,29006,0.2307,0.000147016837704326,6,8,1.83771047130407e-05
103901003,Non,0,29006,0.7693,0,5,7,0
103901003,Syn,0,29006,0.2307,0,5,7,0
103901004,Non,0,29006,0.7693,0,6,8,0
103901004,Syn,0,29006,0.2307,0,6,8,0
103901005,Non,0,29006,0.7693,0,7,9,0
103901005,Syn,0.0145997,29006,0.2307,2.18176763332615e-06,7,9,2.42418625925128e-07
103901006,Non,0,29006,0.7693,0,8,10,0
103901006,Syn,0,29006,0.2307,0,8,10,0
103901008,Non,0.107064655,29006,0.7693,4.79802544517184e-06,10,12,3.9983545376432e-07
103901008,Syn,0,29006,0.2307,0,10,12,0
103901009,Non,0.08485245,29006,0.7693,3.80260146717113e-06,11,13,2.9250780516701e-07
103901009,Syn,0.11991575,29006,0.2307,1.79201149390762e-05,11,13,1.37847037992894e-06
103901010,Non,0.27321949,29006,0.7693,1.22441347719924e-05,12,14,8.74581055142316e-07
103901010,Syn,0.017800605,29006,0.2307,2.6601083476115e-06,12,14,1.90007739115107e-07
104001002,Non,0.02590848,29006,0.7693,1.16106988142563e-06,5,7,1.65867125917947e-07
104001002,Syn,0.01003943,29006,0.2307,1.50028448742396e-06,5,7,2.1432635534628e-07
104001003,Non,0.14346195,29006,0.7693,6.42914402062912e-06,6,8,8.0364300257864e-07
104001003,Syn,0,29006,0.2307,0,6,8,0
104001005,Non,0.1251274,29006,0.7693,5.60749436019006e-06,8,10,5.60749436019006e-07
104001005,Syn,0,29006,0.2307,0,8,10,0
104001007,Non,0,29006,0.7693,0,10,12,0
104001007,Syn,0,29006,0.2307,0,10,12,0
104002001,Non,0,29006,0.7693,0,2,4,0
104002001,Syn,0.02264375,29006,0.2307,3.3838641100248e-06,2,4,8.459660275062e-07
104002003,Non,0.0165684,29006,0.7693,7.42500919521808e-07,4,6,1.23750153253635e-07
104002003,Syn,0,29006,0.2307,0,4,6,0
104002004,Non,0,29006,0.7693,0,5,7,0
104002004,Syn,0,29006,0.2307,0,5,7,0
104002005,Non,0.026479195,29006,0.7693,1.18664606333124e-06,6,8,1.48330757916404e-07
104002005,Syn,0,29006,0.2307,0,6,8,0
104002006,Non,0.01560292,29006,0.7693,6.99233628306004e-07,7,9,7.76926253673338e-08
104002006,Syn,0.0143588,29006,0.2307,2.14576772765218e-06,7,9,2.38418636405798e-07
104101002,Non,0,29006,0.7693,0,2,4,0
104101002,Syn,0,29006,0.2307,0,2,4,0
104101003,Non,0.0131589,29006,0.7693,5.89706631291827e-07,3,5,1.17941326258365e-07
104101003,Syn,0,29006,0.2307,0,3,5,0
104101004,Non,0,29006,0.7693,0,4,6,0
104101004,Syn,0,29006,0.2307,0,4,6,0
104102003,Non,0,29006,0.7693,0,3,5,0
104102003,Syn,0,29006,0.2307,0,3,5,0
104102004,Non,0,29006,0.7693,0,4,6,0
104102004,Syn,0,29006,0.2307,0,4,6,0
104102005,Non,0,29006,0.7693,0,5,7,0
104102005,Syn,0,29006,0.2307,0,5,7,0
104102006,Non,0,29006,0.7693,0,6,8,0
104102006,Syn,0.009257735,29006,0.2307,1.38346860421178e-06,6,8,1.72933575526472e-07
104102007,Non,0.0771789,29006,0.7693,3.45871684759431e-06,7,9,3.84301871954924e-07
104102007,Syn,0,29006,0.2307,0,7,9,0
104104001,Non,0,29006,0.7693,0,1,3,0
104104001,Syn,0,29006,0.2307,0,1,3,0
104201002,Non,0.035265145,29006,0.7693,1.58038208816602e-06,4,6,2.63397014694337e-07
104201002,Syn,0,29006,0.2307,0,4,6,0
104201003,Non,0.04818619,29006,0.7693,2.15942941884868e-06,5,7,3.08489916978383e-07
104201003,Syn,0,29006,0.2307,0,5,7,0
104201004,Non,0.01154545,29006,0.7693,5.174010309561e-07,6,8,6.46751288695126e-08
104201004,Syn,0.01674375,29006,0.2307,2.50217277139289e-06,6,8,3.12771596424111e-07
104201005,Non,0.026208095,29006,0.7693,1.17449691197792e-06,7,9,1.30499656886435e-07
104201005,Syn,0.044038535,29006,0.2307,6.58108387720987e-06,7,9,7.31231541912207e-07
104201006,Non,0.007928945,29006,0.7693,3.55329962660114e-07,8,10,3.55329962660114e-08
104201006,Syn,0.01623765,29006,0.2307,2.42654158724346e-06,8,10,2.42654158724346e-07
104201007,Non,0.0160961,29006,0.7693,7.21335134998851e-07,9,11,6.55759213635319e-08
104201007,Syn,0,29006,0.2307,0,9,11,0
104201008,Non,0.01783069,29006,0.7693,7.9906953723403e-07,10,12,6.65891281028358e-08
104201008,Syn,0,29006,0.2307,0,10,12,0
104201009,Non,0,29006,0.7693,0,11,13,0
104201009,Syn,0,29006,0.2307,0,11,13,0
104201010,Non,0,29006,0.7693,0,12,14,0
104201010,Syn,0.031546275,29006,0.2307,4.71425041247463e-06,12,14,3.36732172319617e-07
104202001,Non,0,29006,0.7693,0,-1,1,0
104202001,Syn,0,29006,0.2307,0,-1,1,0
104202003,Non,0,29006,0.7693,0,1,3,0
104202003,Syn,0,29006,0.2307,0,1,3,0
104202004,Non,0.108105325,29006,0.7693,4.84466232211341e-06,2,4,1.21116558052835e-06
104202004,Syn,0.0289727,29006,0.2307,4.32965739775945e-06,2,4,1.08241434943986e-06
104202005,Non,0.665146,29006,0.7693,2.98080391960752e-05,3,5,5.96160783921504e-06
104202005,Syn,0,29006,0.2307,0,3,5,0
104202006,Non,0.72635646,29006,0.7693,3.25511418996768e-05,4,6,5.4251903166128e-06
104202006,Syn,0,29006,0.2307,0,4,6,0
104202007,Non,1.2288315,29006,0.7693,5.50691991192488e-05,5,7,7.86702844560698e-06
104202007,Syn,0.3991555,29006,0.2307,5.96494825622524e-05,5,7,8.52135465175035e-06
104202008,Non,0,29006,0.7693,0,6,8,0
104202008,Syn,0,29006,0.2307,0,6,8,0
104202009,Non,0.09131805,29006,0.7693,4.09235267702001e-06,7,9,4.54705853002224e-07
104202009,Syn,0,29006,0.2307,0,7,9,0
104202010,Non,0.27768439,29006,0.7693,1.24442260515108e-05,8,10,1.24442260515108e-06
104202010,Syn,0.00726622,29006,0.2307,1.08585817603287e-06,8,10,1.08585817603287e-07
104401002,Non,0.83697,29006,0.7693,3.75082080715197e-05,2,4,9.37705201787993e-06
104401002,Syn,0.1470025,29006,0.2307,2.19679374588538e-05,2,4,5.49198436471345e-06
104401003,Non,0,29006,0.7693,0,3,5,0
104401003,Syn,0.05749175,29006,0.2307,8.5915216979307e-06,3,5,1.71830433958614e-06
104501002,Non,0.328102715,29006,0.7693,1.47036869936205e-05,4,6,2.45061449893675e-06
104501002,Syn,0,29006,0.2307,0,4,6,0
104501004,Non,0.119101285,29006,0.7693,5.33743835426045e-06,6,8,6.67179794282556e-07
104501004,Syn,0.00643883,29006,0.2307,9.62213668122593e-07,6,8,1.20276708515324e-07
104501005,Non,0.22656865,29006,0.7693,1.01535109581984e-05,7,9,1.12816788424427e-06
104501005,Syn,0,29006,0.2307,0,7,9,0
104501006,Non,0.5041455,29006,0.7693,2.25929176820201e-05,8,10,2.25929176820201e-06
104501006,Syn,0,29006,0.2307,0,8,10,0
104701002,Non,0.2470321,29006,0.7693,1.10705657396854e-05,3,5,2.21411314793707e-06
104701002,Syn,0.1791375,29006,0.2307,2.67701664701989e-05,3,5,5.35403329403979e-06
104701004,Non,0,29006,0.7693,0,5,7,0
104701004,Syn,0.0406866,29006,0.2307,6.08017335904764e-06,5,7,8.68596194149663e-07
104701005,Non,0.00618612,29006,0.7693,2.77226514827759e-07,6,8,3.46533143534699e-08
104701005,Syn,0,29006,0.2307,0,6,8,0
104702004,Non,0,29006,0.7693,0,2,4,0
104702004,Syn,0,29006,0.2307,0,2,4,0
104702005,Non,0,29006,0.7693,0,3,5,0
104702005,Syn,0,29006,0.2307,0,3,5,0
104702006,Non,0,29006,0.7693,0,4,6,0
104702006,Syn,0,29006,0.2307,0,4,6,0
104702007,Non,0,29006,0.7693,0,5,7,0
104702007,Syn,0,29006,0.2307,0,5,7,0
104702008,Non,0,29006,0.7693,0,6,8,0
104702008,Syn,0,29006,0.2307,0,6,8,0
104702009,Non,0.009616685,29006,0.7693,4.30964815869461e-07,7,9,4.78849795410512e-08
104702009,Syn,0,29006,0.2307,0,7,9,0
104702010,Non,0.1049485,29006,0.7693,4.70319148212467e-06,8,10,4.70319148212467e-07
104702010,Syn,0.009916245,29006,0.2307,1.48187581834779e-06,8,10,1.48187581834779e-07
104703003,Non,0,29006,0.7693,0,0,2,0
104703003,Syn,0,29006,0.2307,0,0,2,0
104703005,Non,0,29006,0.7693,0,2,4,0
104703005,Syn,0.07525505,29006,0.2307,1.12460552158155e-05,2,4,2.81151380395387e-06
104703006,Non,0.0104408,29006,0.7693,4.67896936369432e-07,3,5,9.35793872738863e-08
104703006,Syn,0,29006,0.2307,0,3,5,0
104703007,Non,0.01332485,29006,0.7693,5.9714356108557e-07,4,6,9.9523926847595e-08
104703007,Syn,0.041404985,29006,0.2307,6.18752824587867e-06,4,6,1.03125470764644e-06
104703008,Non,0.045366755,29006,0.7693,2.03307846884555e-06,5,7,2.9043978126365e-07
104703008,Syn,0.038723625,29006,0.2307,5.78682792592035e-06,5,7,8.26689703702908e-07
104703009,Non,0.18519926,29006,0.7693,8.29957152439332e-06,6,8,1.03744644054917e-06
104703009,Syn,0.037095305,29006,0.2307,5.54349307159474e-06,6,8,6.92936633949343e-07
104901002,Non,0,29006,0.7693,0,5,7,0
104901002,Syn,0.01524465,29006,0.2307,2.27814845177541e-06,5,7,3.25449778825059e-07
104901003,Non,0,29006,0.7693,0,6,8,0
104901003,Syn,0.0602838,29006,0.2307,9.008763444037e-06,6,8,1.12609543050463e-06
104901004,Non,0,29006,0.7693,0,7,9,0
104901004,Syn,0.03043875,29006,0.2307,4.54874275148848e-06,7,9,5.05415861276498e-07
104901005,Non,0,29006,0.7693,0,8,10,0
104901005,Syn,0,29006,0.2307,0,8,10,0
104901006,Non,0.02725,29006,0.7693,1.22118913455549e-06,9,11,1.110171940505e-07
104901006,Syn,0.4589709,29006,0.2307,6.85882486803546e-05,9,11,6.2352953345777e-06
104902003,Non,0,29006,0.7693,0,2,4,0
104902003,Syn,0,29006,0.2307,0,2,4,0
104902004,Non,0.015744,29006,0.7693,7.05556026951989e-07,3,5,1.41111205390398e-07
104902004,Syn,0.03814526,29006,0.2307,5.70039751726479e-06,3,5,1.14007950345296e-06
104902005,Non,0.03678495,29006,0.7693,1.64849105523549e-06,4,6,2.74748509205915e-07
104902005,Syn,0,29006,0.2307,0,4,6,0
104902006,Non,0.01444425,29006,0.7693,6.47308666304705e-07,5,7,9.24726666149578e-08
104902006,Syn,0,29006,0.2307,0,5,7,0
105001003,Non,0.054290225,29006,0.7693,2.43297735348892e-06,4,6,4.05496225581487e-07
105001003,Syn,0,29006,0.2307,0,4,6,0
105001004,Non,0.09881895,29006,0.7693,4.42850011112597e-06,5,7,6.32642873017996e-07
105001004,Syn,0.0354201,29006,0.2307,5.29315175991121e-06,5,7,7.56164537130172e-07
105001005,Non,0.01286385,29006,0.7693,5.76484177928503e-07,6,8,7.20605222410628e-08
105001005,Syn,0.0152305,29006,0.2307,2.2760338869548e-06,6,8,2.8450423586935e-07
105001006,Non,0.01778942,29006,0.7693,7.9722005189153e-07,7,9,8.85800057657256e-08
105001006,Syn,0.0279298,29006,0.2307,4.17380724571551e-06,7,9,4.63756360635057e-07
105001007,Non,0.038991105,29006,0.7693,1.7473583034977e-06,8,10,1.7473583034977e-07
105001007,Syn,0.01485775,29006,0.2307,2.22033042145055e-06,8,10,2.22033042145055e-07
105001008,Non,0.0659121,29006,0.7693,2.9538033158068e-06,9,11,2.68527574164254e-07
105001008,Syn,0.042531,29006,0.2307,6.35579903785657e-06,9,11,5.77799912532415e-07
105001010,Non,0,29006,0.7693,0,11,13,0
105001010,Syn,0,29006,0.2307,0,11,13,0
105101003,Non,0,29006,0.7693,0,7,9,0
105101003,Syn,0,29006,0.2307,0,7,9,0
105101004,Non,0.024090575,29006,0.7693,1.07960177743832e-06,8,10,1.07960177743832e-07
105101004,Syn,0.03668069,29006,0.2307,5.48153333356646e-06,8,10,5.48153333356646e-07
105101005,Non,0.018677415,29006,0.7693,8.3701490860858e-07,9,11,7.60922644189619e-08
105101005,Syn,0.061680565,29006,0.2307,9.21749490210551e-06,9,11,8.37954082009592e-07
105101006,Non,0.027467,29006,0.7693,1.23091383335177e-06,10,12,1.02576152779314e-07
105101006,Syn,0.03639352,29006,0.2307,5.43861887564867e-06,10,12,4.5321823963739e-07
105101007,Non,0.01543805,29006,0.7693,6.91845097934842e-07,11,13,5.32188536872956e-08
105101007,Syn,0.0145527,29006,0.2307,2.17474399045908e-06,11,13,1.67287999266083e-07
105101008,Non,0,29006,0.7693,0,12,14,0
105101008,Syn,0,29006,0.2307,0,12,14,0
105102001,Non,0.02619645,29006,0.7693,1.17397504968537e-06,1,3,3.91325016561789e-07
105102001,Syn,0,29006,0.2307,0,1,3,0
105102003,Non,0,29006,0.7693,0,3,5,0
105102003,Syn,0,29006,0.2307,0,3,5,0
105102004,Non,0,29006,0.7693,0,4,6,0
105102004,Syn,0,29006,0.2307,0,4,6,0
105102005,Non,0,29006,0.7693,0,5,7,0
105102005,Syn,0,29006,0.2307,0,5,7,0
105102006,Non,0,29006,0.7693,0,6,8,0
105102006,Syn,0.05610635,29006,0.2307,8.38448861648313e-06,6,8,1.04806107706039e-06
105102007,Non,0,29006,0.7693,0,7,9,0
105102007,Syn,0.405164,29006,0.2307,6.05473880551626e-05,7,9,6.72748756168473e-06
105102009,Non,0,29006,0.7693,0,9,11,0
105102009,Syn,0,29006,0.2307,0,9,11,0
105103003,Non,0.0056668,29006,0.7693,2.53953562851342e-07,5,7,3.62790804073346e-08
105103003,Syn,0,29006,0.2307,0,5,7,0
105103004,Non,0,29006,0.7693,0,6,8,0
105103004,Syn,0.008182425,29006,0.2307,1.22277512737376e-06,6,8,1.5284689092172e-07
105103005,Non,0,29006,0.7693,0,7,9,0
105103005,Syn,0.00633509,29006,0.2307,9.46710844483665e-07,7,9,1.05190093831518e-07
105103006,Non,0.02230201,29006,0.7693,9.99448524431119e-07,8,10,9.99448524431119e-08
105103006,Syn,0.020328815,29006,0.2307,3.03792205256787e-06,8,10,3.03792205256787e-07
105103007,Non,0.05037072,29006,0.7693,2.25732755830228e-06,9,11,2.05211596209298e-07
105103007,Syn,0.00786219,29006,0.2307,1.17491946197939e-06,9,11,1.06810860179945e-07
105103009,Non,0,29006,0.7693,0,11,13,0
105103009,Syn,0,29006,0.2307,0,11,13,0
105202001,Non,0.0675722,29006,0.7693,3.02819950231232e-06,-1,1,3.02819950231232e-06
105202001,Syn,0.099923685,29006,0.2307,1.49325165404548e-05,-1,1,1.49325165404548e-05
105202003,Non,0.4300295,29006,0.7693,1.92714624931498e-05,1,3,6.42382083104993e-06
105202003,Syn,0,29006,0.2307,0,1,3,0
105202004,Non,1.3683715,29006,0.7693,6.13225837737763e-05,2,4,1.53306459434441e-05
105202004,Syn,0,29006,0.2307,0,2,4,0
105701002,Non,0.0120401,29006,0.7693,5.39568414640793e-07,5,7,7.70812020915419e-08
105701002,Syn,0,29006,0.2307,0,5,7,0
105701003,Non,0.018384,29006,0.7693,8.23865726593329e-07,6,8,1.02983215824166e-07
105701003,Syn,0,29006,0.2307,0,6,8,0
105701004,Non,0,29006,0.7693,0,7,9,0
105701004,Syn,0.01687343,29006,0.2307,2.5215520481376e-06,7,9,2.80172449793066e-07
105701005,Non,0,29006,0.7693,0,8,10,0
105701005,Syn,0,29006,0.2307,0,8,10,0
105701006,Non,0,29006,0.7693,0,9,11,0
105701006,Syn,0,29006,0.2307,0,9,11,0
105701007,Non,0,29006,0.7693,0,10,12,0
105701007,Syn,0,29006,0.2307,0,10,12,0
105701008,Non,0,29006,0.7693,0,11,13,0
105701008,Syn,0,29006,0.2307,0,11,13,0
105801002,Non,0.0179966,29006,0.7693,8.06504674456566e-07,3,5,1.61300934891313e-07
105801002,Syn,0,29006,0.2307,0,3,5,0
105801003,Non,0,29006,0.7693,0,4,6,0
105801003,Syn,0.039421485,29006,0.2307,5.89111557296742e-06,4,6,9.81852595494569e-07
105801004,Non,0,29006,0.7693,0,5,7,0
105801004,Syn,0.0590136,29006,0.2307,8.81894575957425e-06,5,7,1.25984939422489e-06
105801005,Non,0,29006,0.7693,0,6,8,0
105801005,Syn,0.092133935,29006,0.2307,1.37684224548433e-05,6,8,1.72105280685541e-06
105801006,Non,0,29006,0.7693,0,7,9,0
105801006,Syn,0.1868869,29006,0.2307,2.79282306836895e-05,7,9,3.10313674263216e-06
105901002,Non,0,29006,0.7693,0,6,8,0
105901002,Syn,0,29006,0.2307,0,6,8,0
105901003,Non,0,29006,0.7693,0,7,9,0
105901003,Syn,0.011193145,29006,0.2307,1.67269474551713e-06,7,9,1.85854971724126e-07
105901004,Non,0.085140835,29006,0.7693,3.81552523335714e-06,8,10,3.81552523335714e-07
105901004,Syn,0,29006,0.2307,0,8,10,0
105901005,Non,0.9402335,29006,0.7693,4.21358874915627e-05,9,11,3.8305352265057e-06
105901005,Syn,0.0190038,29006,0.2307,2.83991285781239e-06,9,11,2.58173896164763e-07
105901006,Non,0.971663205,29006,0.7693,4.35443870970043e-05,10,12,3.62869892475036e-06
105901006,Syn,0.0216556,29006,0.2307,3.23619575472495e-06,10,12,2.69682979560412e-07
105901007,Non,0,29006,0.7693,0,11,13,0
105901007,Syn,0,29006,0.2307,0,11,13,0
105901008,Non,0.9730385,29006,0.7693,4.36060199524468e-05,12,14,3.11471571088906e-06
105901008,Syn,0,29006,0.2307,0,12,14,0
105901009,Non,0,29006,0.7693,0,13,15,0
105901009,Syn,0,29006,0.2307,0,13,15,0
106001002,Non,0,29006,0.7693,0,5,7,0
106001002,Syn,0,29006,0.2307,0,5,7,0
106001003,Non,0,29006,0.7693,0,6,8,0
106001003,Syn,0,29006,0.2307,0,6,8,0
106001004,Non,0,29006,0.7693,0,7,9,0
106001004,Syn,0,29006,0.2307,0,7,9,0
106001005,Non,0,29006,0.7693,0,8,10,0
106001005,Syn,0,29006,0.2307,0,8,10,0
106001006,Non,0.005730845,29006,0.7693,2.56823693424649e-07,9,11,2.33476084931499e-08
106001006,Syn,0,29006,0.2307,0,9,11,0
106001007,Non,0.02963704,29006,0.7693,1.32816261388575e-06,10,12,1.10680217823812e-07
106001007,Syn,0.005985215,29006,0.2307,8.94425800906743e-07,10,12,7.45354834088953e-08
106001008,Non,0,29006,0.7693,0,11,13,0
106001008,Syn,0,29006,0.2307,0,11,13,0
106001009,Non,0,29006,0.7693,0,12,14,0
106001009,Syn,0,29006,0.2307,0,12,14,0
106001010,Non,0,29006,0.7693,0,13,15,0
106001010,Syn,0,29006,0.2307,0,13,15,0
106002001,Non,0,29006,0.7693,0,3,5,0
106002001,Syn,0.0161034,29006,0.2307,2.40647937330934e-06,3,5,4.81295874661868e-07
106002003,Non,0.09173135,29006,0.7693,4.11087441901311e-06,5,7,5.8726777414473e-07
106002003,Syn,0,29006,0.2307,0,5,7,0
106002004,Non,0.03835055,29006,0.7693,1.71865229226522e-06,6,8,2.14831536533152e-07
106002004,Syn,0.01138438,29006,0.2307,1.70127275282955e-06,6,8,2.12659094103694e-07
106003003,Non,0,29006,0.7693,0,2,4,0
106003003,Syn,0.01984975,29006,0.2307,2.96633095745911e-06,2,4,7.41582739364778e-07
106003004,Non,0,29006,0.7693,0,3,5,0
106003004,Syn,0,29006,0.2307,0,3,5,0
106003005,Non,0,29006,0.7693,0,4,6,0
106003005,Syn,0,29006,0.2307,0,4,6,0
106003006,Non,0.650139,29006,0.7693,2.91355112936064e-05,5,7,4.16221589908663e-06
106003006,Syn,0,29006,0.2307,0,5,7,0
106003007,Non,0.5887985,29006,0.7693,2.63865809410119e-05,6,8,3.29832261762648e-06
106003007,Syn,0,29006,0.2307,0,6,8,0
106003008,Non,0,29006,0.7693,0,7,9,0
106003008,Syn,0,29006,0.2307,0,7,9,0
106003009,Non,0.432396,29006,0.7693,1.93775154871654e-05,8,10,1.93775154871654e-06
106003009,Syn,0,29006,0.2307,0,8,10,0
106003010,Non,0.354133315,29006,0.7693,1.58702295949401e-05,9,11,1.44274814499456e-06
106003010,Syn,0.02315865,29006,0.2307,3.46081035922167e-06,9,11,3.14619123565607e-07
106004007,Non,0,29006,0.7693,0,5,7,0
106004007,Syn,0,29006,0.2307,0,5,7,0
106004008,Non,0,29006,0.7693,0,6,8,0
106004008,Syn,0,29006,0.2307,0,6,8,0
106004010,Non,0,29006,0.7693,0,8,10,0
106004010,Syn,0,29006,0.2307,0,8,10,0
106101002,Non,0.426436,29006,0.7693,1.91104223773691e-05,5,7,2.73006033962415e-06
106101002,Syn,0.5447803,29006,0.2307,8.14115376215752e-05,5,7,1.1630219660225e-05
106101003,Non,0,29006,0.7693,0,6,8,0
106101003,Syn,0.9616775,29006,0.2307,0.000143712325814778,6,8,1.79640407268472e-05
106101004,Non,0.0171775,29006,0.7693,7.69797297571633e-07,7,9,8.55330330635148e-08
106101004,Syn,0.3852418,29006,0.2307,5.75702302269435e-05,7,9,6.39669224743816e-06
106101006,Non,0.06576355,29006,0.7693,2.94714615448796e-06,9,11,2.67922377680724e-07
106101006,Syn,0,29006,0.2307,0,9,11,0
106102001,Non,0,29006,0.7693,0,0,2,0
106102001,Syn,0,29006,0.2307,0,0,2,0
106102003,Non,0,29006,0.7693,0,2,4,0
106102003,Syn,0,29006,0.2307,0,2,4,0
106102004,Non,0,29006,0.7693,0,3,5,0
106102004,Syn,0,29006,0.2307,0,3,5,0
106102008,Non,0.35907973,29006,0.7693,1.60918996225732e-05,7,9,1.78798884695258e-06
106102008,Syn,0.025037085,29006,0.2307,3.74152220154083e-06,7,9,4.15724689060092e-07
106103001,Non,0,29006,0.7693,0,0,2,0
106103001,Syn,0,29006,0.2307,0,0,2,0
106103003,Non,0,29006,0.7693,0,2,4,0
106103003,Syn,0,29006,0.2307,0,2,4,0
106103004,Non,0,29006,0.7693,0,3,5,0
106103004,Syn,0.013589,29006,0.2307,2.03072942384221e-06,3,5,4.06145884768441e-07
106103005,Non,0.52388335,29006,0.7693,2.34774552218177e-05,4,6,3.91290920363629e-06
106103005,Syn,0.03508415,29006,0.2307,5.24294765733266e-06,4,6,8.73824609555444e-07
106103010,Non,0,29006,0.7693,0,9,11,0
106103010,Syn,0,29006,0.2307,0,9,11,0
106201002,Non,0,29006,0.7693,0,4,6,0
106201002,Syn,0,29006,0.2307,0,4,6,0
106201003,Non,0,29006,0.7693,0,5,7,0
106201003,Syn,0,29006,0.2307,0,5,7,0
106201004,Non,0.07927445,29006,0.7693,3.55262741239864e-06,6,8,4.44078426549829e-07
106201004,Syn,0,29006,0.2307,0,6,8,0
106201005,Non,0.0645041,29006,0.7693,2.89070480933142e-06,7,9,3.21189423259046e-07
106201005,Syn,0,29006,0.2307,0,7,9,0
106201006,Non,0.108674525,29006,0.7693,4.87017061038457e-06,8,10,4.87017061038457e-07
106201006,Syn,0.010167375,29006,0.2307,1.51940448713943e-06,8,10,1.51940448713943e-07
106201007,Non,0.1816625,29006,0.7693,8.14107417086927e-06,9,11,7.40097651897206e-07
106201007,Syn,0.19554788,29006,0.2307,2.92225206921749e-05,9,11,2.65659279019772e-06
106201008,Non,0.09706355,29006,0.7693,4.34983312372051e-06,10,12,3.62486093643376e-07
106201008,Syn,0.18978995,29006,0.2307,2.83620601820989e-05,10,12,2.3635050151749e-06
106201009,Non,0.005846095,29006,0.7693,2.61988539213916e-07,11,13,2.01529645549166e-08
106201009,Syn,0.01334995,29006,0.2307,1.99500598070662e-06,11,13,1.53461998515894e-07
106201010,Non,0.0330459,29006,0.7693,1.48092822097642e-06,12,14,1.05780587212601e-07
106201010,Syn,0.102591,29006,0.2307,1.53311179867095e-05,12,14,1.09507985619354e-06
106202004,Non,0,29006,0.7693,0,1,3,0
106202004,Syn,0,29006,0.2307,0,1,3,0
106202005,Non,0.02698115,29006,0.7693,1.20914081533255e-06,2,4,3.02285203833137e-07
106202005,Syn,0,29006,0.2307,0,2,4,0
106202006,Non,0.0320442,29006,0.7693,1.43603775653296e-06,3,5,2.87207551306592e-07
106202006,Syn,0,29006,0.2307,0,3,5,0
106202008,Non,0.0229043,29006,0.7693,1.02643971723301e-06,5,7,1.46634245319001e-07
106202008,Syn,0,29006,0.2307,0,5,7,0
106202009,Non,0,29006,0.7693,0,6,8,0
106202009,Syn,0,29006,0.2307,0,6,8,0
106202010,Non,0.01773364,29006,0.7693,7.94720311343806e-07,7,9,8.83022568159784e-08
106202010,Syn,0.00569601,29006,0.2307,8.51207234196736e-07,7,9,9.45785815774151e-08
106301001,Non,0.0312274,29006,0.7693,1.39943345249241e-06,4,6,2.33238908748735e-07
106301001,Syn,0,29006,0.2307,0,4,6,0
106401002,Non,0,29006,0.7693,0,7,9,0
106401002,Syn,0.4906425,29006,0.2307,7.33212275618147e-05,7,9,8.14680306242386e-06
106401003,Non,0.0137803,29006,0.7693,6.1755422498771e-07,8,10,6.17554224987709e-08
106401003,Syn,0,29006,0.2307,0,8,10,0
106401004,Non,0.02466462,29006,0.7693,1.10532719089689e-06,9,11,1.00484290081535e-07
106401004,Syn,0,29006,0.2307,0,9,11,0
106401005,Non,0.007066125,29006,0.7693,3.16663305446273e-07,10,12,2.63886087871894e-08
106401005,Syn,0,29006,0.2307,0,10,12,0
106701003,Non,0,29006,0.7693,0,8,10,0
106701003,Syn,0,29006,0.2307,0,8,10,0
106701004,Non,0.0577425,29006,0.7693,2.58768857255305e-06,9,11,2.35244415686641e-07
106701004,Syn,0.10433608,29006,0.2307,1.55919013631875e-05,9,11,1.41744557847159e-06
106701005,Non,0,29006,0.7693,0,10,12,0
106701005,Syn,0,29006,0.2307,0,10,12,0
106701006,Non,0,29006,0.7693,0,11,13,0
106701006,Syn,0,29006,0.2307,0,11,13,0
106701009,Non,0,29006,0.7693,0,14,16,0
106701009,Syn,0,29006,0.2307,0,14,16,0
106702001,Non,0,29006,0.7693,0,5,7,0
106702001,Syn,0,29006,0.2307,0,5,7,0
106702004,Non,0,29006,0.7693,0,8,10,0
106702004,Syn,0,29006,0.2307,0,8,10,0
106801002,Non,0.0505316,29006,0.7693,2.26453727969558e-06,7,9,2.51615253299508e-07
106801002,Syn,0,29006,0.2307,0,7,9,0
106803001,Non,0.0312824,29006,0.7693,1.40189823790161e-06,2,4,3.50474559475402e-07
106803001,Syn,0.034323785,29006,0.2307,5.12931931246845e-06,2,4,1.28232982811711e-06
106901002,Non,0.02377061,29006,0.7693,1.06526277628463e-06,7,9,1.18362530698292e-07
106901002,Syn,0,29006,0.2307,0,7,9,0
106901004,Non,0.015477825,29006,0.7693,6.93627585928492e-07,9,11,6.30570532662265e-08
106901004,Syn,0.055146595,29006,0.2307,8.24106358754945e-06,9,11,7.49187598868132e-07
106901005,Non,0,29006,0.7693,0,10,12,0
106901005,Syn,0.006749945,29006,0.2307,1.00870644792233e-06,10,12,8.40588706601944e-08
106901006,Non,0.0066506,29006,0.7693,2.98041851679808e-07,11,13,2.29262962830622e-08
106901006,Syn,0,29006,0.2307,0,11,13,0
106901007,Non,0,29006,0.7693,0,12,14,0
106901007,Syn,0,29006,0.2307,0,12,14,0
106902001,Non,0,29006,0.7693,0,3,5,0
106902001,Syn,0.01434415,29006,0.2307,2.14357844322659e-06,3,5,4.28715688645319e-07
106902003,Non,0,29006,0.7693,0,5,7,0
106902003,Syn,0.022995795,29006,0.2307,3.43647343668728e-06,5,7,4.90924776669612e-07
106902004,Non,0,29006,0.7693,0,6,8,0
106902004,Syn,0.015995895,29006,0.2307,2.390413911045e-06,6,8,2.98801738880624e-07
106902005,Non,0.03343255,29006,0.7693,1.49825566240306e-06,7,9,1.66472851378117e-07
106902005,Syn,0,29006,0.2307,0,7,9,0
106902006,Non,0.02026011,29006,0.7693,9.07942245757766e-07,8,10,9.07942245757766e-08
106902006,Syn,0.00909833,29006,0.2307,1.35964724695167e-06,8,10,1.35964724695167e-07
106902007,Non,0.032942465,29006,0.7693,1.47629285590733e-06,9,11,1.34208441446121e-07
106902007,Syn,0.06759948,29006,0.2307,1.01020128833934e-05,9,11,9.18364807581217e-07
106902008,Non,0.12112134,29006,0.7693,5.42796566498355e-06,10,12,4.52330472081963e-07
106902008,Syn,0.16639795,29006,0.2307,2.48663781832382e-05,10,12,2.07219818193652e-06
106902009,Non,0.038952415,29006,0.7693,1.74562443899804e-06,11,13,1.34278802999849e-07
106902009,Syn,0.06240096,29006,0.2307,9.32515016174852e-06,11,13,7.17319243211424e-07
106902010,Non,0.05103194,29006,0.7693,2.28695965663442e-06,12,14,1.63354261188173e-07
106902010,Syn,0.05302382,29006,0.2307,7.92383776867414e-06,12,14,5.65988412048153e-07
106903001,Non,0,29006,0.7693,0,4,6,0
106903001,Syn,0,29006,0.2307,0,4,6,0
106903004,Non,0.01110926,29006,0.7693,4.97853490089981e-07,7,9,5.53170544544423e-08
106903004,Syn,0.08167945,29006,0.2307,1.22061124761387e-05,7,9,1.35623471957096e-06
106903005,Non,0.016367,29006,0.7693,7.33475323496139e-07,8,10,7.33475323496139e-08
106903005,Syn,0.1652765,29006,0.2307,2.46987895812537e-05,8,10,2.46987895812537e-06
106903006,Non,0,29006,0.7693,0,9,11,0
106903006,Syn,0.198294,29006,0.2307,2.96328986953688e-05,9,11,2.69389988139716e-06
106903008,Non,0,29006,0.7693,0,11,13,0
106903008,Syn,0.02863225,29006,0.2307,4.27878081873619e-06,11,13,3.2913698605663e-07
106903009,Non,0.00594477,29006,0.7693,2.66410588309412e-07,12,14,1.90293277363865e-08
106903009,Syn,0.04796155,29006,0.2307,7.16733613938327e-06,12,14,5.11952581384519e-07
106903010,Non,0.02587617,29006,0.7693,1.15962193203343e-06,13,15,7.73081288022284e-08
106903010,Syn,0.00655928,29006,0.2307,9.80213620959578e-07,13,15,6.53475747306386e-08
107001002,Non,0,29006,0.7693,0,5,7,0
107001002,Syn,0.03224865,29006,0.2307,4.81921277755456e-06,5,7,6.88458968222081e-07
107001003,Non,0.03833025,29006,0.7693,1.71774256237783e-06,6,8,2.14717820297228e-07
107001003,Syn,0,29006,0.2307,0,6,8,0
107001004,Non,0.0221711,29006,0.7693,9.93581887014434e-07,7,9,1.10397987446048e-07
107001004,Syn,0.0313876,29006,0.2307,4.69053814583779e-06,7,9,5.21170905093087e-07
107001005,Non,0,29006,0.7693,0,8,10,0
107001005,Syn,0.0525162,29006,0.2307,7.84797943692561e-06,8,10,7.84797943692561e-07
107001006,Non,0.06837745,29006,0.7693,3.06428620141694e-06,9,11,2.78571472856085e-07
107001006,Syn,0.1392265,29006,0.2307,2.08058981623789e-05,9,11,1.89144528748899e-06
107001007,Non,0.1730275,29006,0.7693,7.75410286162572e-06,10,12,6.4617523846881e-07
107001007,Syn,0.028738425,29006,0.2307,4.29464752685131e-06,10,12,3.57887293904276e-07
107001008,Non,0.23429124,29006,0.7693,1.04995932700746e-05,11,13,8.07661020774972e-07
107001008,Syn,0.05509225,29006,0.2307,8.2329423136854e-06,11,13,6.33303254898877e-07
107001009,Non,0.200682395,29006,0.7693,8.9934370741495e-06,12,14,6.4238836243925e-07
107001009,Syn,0.046280655,29006,0.2307,6.91614451859519e-06,12,14,4.94010322756799e-07
107001010,Non,0.0377155,29006,0.7693,1.69019298364506e-06,13,15,1.12679532243004e-07
107001010,Syn,0.127633,29006,0.2307,1.90733746819672e-05,13,15,1.27155831213115e-06
107002002,Non,0,29006,0.7693,0,1,3,0
107002002,Syn,0,29006,0.2307,0,1,3,0
107002004,Non,0,29006,0.7693,0,3,5,0
107002004,Syn,0.00973233,29006,0.2307,1.45439170605212e-06,3,5,2.90878341210424e-07
107002005,Non,0,29006,0.7693,0,4,6,0
107002005,Syn,0,29006,0.2307,0,4,6,0
107002007,Non,0.006203495,29006,0.7693,2.78005162945664e-07,6,8,3.4750645368208e-08
107002007,Syn,0.01303945,29006,0.2307,1.94860510602099e-06,6,8,2.43575638252624e-07
107002008,Non,0.010048615,29006,0.7693,4.50321447902068e-07,7,9,5.00357164335631e-08
107002008,Syn,0.0546537,29006,0.2307,8.16740574816726e-06,7,9,9.0748952757414e-07
107002009,Non,0.14235395,29006,0.7693,6.3794897982039e-06,8,10,6.3794897982039e-07
107002009,Syn,0.031762275,29006,0.2307,4.74652928182116e-06,8,10,4.74652928182116e-07
107002010,Non,0.02178647,29006,0.7693,9.76344970433734e-07,9,11,8.8758633675794e-08
107002010,Syn,0.0475037,29006,0.2307,7.09891539711333e-06,9,11,6.45355945192121e-07
107101002,Non,0,29006,0.7693,0,5,7,0
107101002,Syn,0,29006,0.2307,0,5,7,0
107101003,Non,0,29006,0.7693,0,6,8,0
107101003,Syn,0.014187595,29006,0.2307,2.12018298771481e-06,6,8,2.65022873464351e-07
107104001,Non,0.40842705,29006,0.7693,1.83033642465524e-05,1,3,6.10112141551748e-06
107104001,Syn,0,29006,0.2307,0,1,3,0
107201002,Non,0.02081839,29006,0.7693,9.32961162089496e-07,6,8,1.16620145261187e-07
107201002,Syn,0.0297738,29006,0.2307,4.44937314884047e-06,6,8,5.56171643605058e-07
107201003,Non,0.08436315,29006,0.7693,3.78067383988533e-06,7,9,4.2007487109837e-07
107201003,Syn,0.160358,29006,0.2307,2.39637728271756e-05,7,9,2.66264142524173e-06
107201004,Non,0.254084,29006,0.7693,1.13865915619963e-05,8,10,1.13865915619963e-06
107201004,Syn,0,29006,0.2307,0,8,10,0
107301002,Non,0,29006,0.7693,0,5,7,0
107301002,Syn,0,29006,0.2307,0,5,7,0
107301004,Non,0.01083221,29006,0.7693,4.85437693769665e-07,7,9,5.39375215299628e-08
107301004,Syn,0,29006,0.2307,0,7,9,0
107301005,Non,0.0113715,29006,0.7693,5.0960558692102e-07,8,10,5.0960558692102e-08
107301005,Syn,0,29006,0.2307,0,8,10,0
107301006,Non,0.02799729,29006,0.7693,1.25467839798162e-06,9,11,1.14061672543784e-07
107301006,Syn,0.016622405,29006,0.2307,2.48403907046301e-06,9,11,2.25821733678455e-07
107301007,Non,0.01109456,29006,0.7693,4.97194720171523e-07,10,12,4.14328933476269e-08
107301007,Syn,0.02564945,29006,0.2307,3.83303354333428e-06,10,12,3.19419461944523e-07
107301008,Non,0.010251575,29006,0.7693,4.59416954204798e-07,11,13,3.53397657080614e-08
107301008,Syn,0,29006,0.2307,0,11,13,0
107302001,Non,0,29006,0.7693,0,1,3,0
107302001,Syn,0,29006,0.2307,0,1,3,0
107302003,Non,0,29006,0.7693,0,3,5,0
107302003,Syn,0,29006,0.2307,0,3,5,0
107302004,Non,0.006851995,29006,0.7693,3.07067223634076e-07,4,6,5.11778706056794e-08
107302004,Syn,0,29006,0.2307,0,4,6,0
107302005,Non,0.01531238,29006,0.7693,6.86213287346234e-07,5,7,9.80304696208905e-08
107302005,Syn,0,29006,0.2307,0,5,7,0
107302006,Non,0.005480165,29006,0.7693,2.45589649672342e-07,6,8,3.06987062090427e-08
107302006,Syn,0,29006,0.2307,0,6,8,0
107303003,Non,0.02459525,29006,0.7693,1.10221842428169e-06,1,3,3.6740614142723e-07
107303003,Syn,0,29006,0.2307,0,1,3,0
107303004,Non,0,29006,0.7693,0,2,4,0
107303004,Syn,0,29006,0.2307,0,2,4,0
107303006,Non,0.010349565,29006,0.7693,4.63808305518379e-07,4,6,7.73013842530632e-08
107303006,Syn,0,29006,0.2307,0,4,6,0
107303007,Non,0,29006,0.7693,0,5,7,0
107303007,Syn,0,29006,0.2307,0,5,7,0
107303008,Non,0,29006,0.7693,0,6,8,0
107303008,Syn,0,29006,0.2307,0,6,8,0
107303009,Non,0.008331995,29006,0.7693,3.73392358281494e-07,7,9,4.14880398090549e-08
107303009,Syn,0,29006,0.2307,0,7,9,0
107303010,Non,0.015522675,29006,0.7693,6.95637506393989e-07,8,10,6.95637506393989e-08
107303010,Syn,0.011863825,29006,0.2307,1.77292063483809e-06,8,10,1.77292063483809e-07
107501002,Non,0.0213789,29006,0.7693,9.58080014265999e-07,6,8,1.1976000178325e-07
107501002,Syn,0,29006,0.2307,0,6,8,0
107501003,Non,0.01624465,29006,0.7693,7.27992296317685e-07,7,9,8.08880329241872e-08
107501003,Syn,0,29006,0.2307,0,7,9,0
107501004,Non,0.02492221,29006,0.7693,1.11687090132515e-06,8,10,1.11687090132515e-07
107501004,Syn,0.007155855,29006,0.2307,1.06936531762811e-06,8,10,1.06936531762811e-07
107501005,Non,0.07081445,29006,0.7693,3.17349860218434e-06,9,11,2.88499872925849e-07
107501005,Syn,0.093895295,29006,0.2307,1.4031638701659e-05,9,11,1.27560351833264e-06
107501006,Non,0.144505425,29006,0.7693,6.47590660162657e-06,10,12,5.3965888346888e-07
107501006,Syn,0,29006,0.2307,0,10,12,0
107501007,Non,0.176590445,29006,0.7693,7.91377367707595e-06,11,13,6.08751821313535e-07
107501007,Syn,0,29006,0.2307,0,11,13,0
107701003,Non,0,29006,0.7693,0,5,7,0
107701003,Syn,0.021887,29006,0.2307,3.27077598790451e-06,5,7,4.67253712557787e-07
107701006,Non,0.0109287,29006,0.7693,4.89761823662996e-07,8,10,4.89761823662996e-08
107701006,Syn,0,29006,0.2307,0,8,10,0
107701007,Non,0.01422472,29006,0.7693,6.37470587379605e-07,9,11,5.79518715799641e-08
107701007,Syn,0.044065035,29006,0.2307,6.58504401627321e-06,9,11,5.98640365115747e-07
107701009,Non,0.0401491,29006,0.7693,1.79925301585989e-06,11,13,1.38404078143068e-07
107701009,Syn,0.00927043,29006,0.2307,1.38536573498193e-06,11,13,1.0656659499861e-07
107702004,Non,0.04826,29006,0.7693,2.16273716086782e-06,2,4,5.40684290216956e-07
107702004,Syn,0,29006,0.2307,0,2,4,0
107702005,Non,0.05451895,29006,0.7693,2.44322749972016e-06,3,5,4.88645499944031e-07
107702005,Syn,0.05309455,29006,0.2307,7.93440760399303e-06,3,5,1.58688152079861e-06
107702006,Non,0.03965695,29006,0.7693,1.77719766787562e-06,4,6,2.96199611312603e-07
107702006,Syn,0.0524735,29006,0.2307,7.84159838266127e-06,4,6,1.30693306377688e-06
107702007,Non,0.0420674,29006,0.7693,1.88522024950458e-06,5,7,2.69317178500654e-07
107702007,Syn,0.0604788,29006,0.2307,9.03790408997484e-06,5,7,1.29112915571069e-06
107702008,Non,0.07539754,29006,0.7693,3.37888648147572e-06,6,8,4.22360810184465e-07
107702008,Syn,0.06590025,29006,0.2307,9.8480812946911e-06,6,8,1.23101016183639e-06
107702009,Non,0.088112,29006,0.7693,3.94867585409005e-06,7,9,4.38741761565561e-07
107702009,Syn,0.05107155,29006,0.2307,7.63209208228924e-06,7,9,8.48010231365471e-07
107702010,Non,0.10860116,29006,0.7693,4.8668828107201e-06,8,10,4.8668828107201e-07
107702010,Syn,0.04046468,29006,0.2307,6.04700980957828e-06,8,10,6.04700980957828e-07
107801002,Non,0,29006,0.7693,0,6,8,0
107801002,Syn,0,29006,0.2307,0,6,8,0
107801003,Non,0,29006,0.7693,0,7,9,0
107801003,Syn,0.010367625,29006,0.2307,1.54932968892943e-06,7,9,1.72147743214381e-07
107801004,Non,0.0774565,29006,0.7693,3.47115729176872e-06,8,10,3.47115729176872e-07
107801004,Syn,0,29006,0.2307,0,8,10,0
107801005,Non,0,29006,0.7693,0,9,11,0
107801005,Syn,0,29006,0.2307,0,9,11,0
107802001,Non,0,29006,0.7693,0,3,5,0
107802001,Syn,0,29006,0.2307,0,3,5,0
107802003,Non,0,29006,0.7693,0,5,7,0
107802003,Syn,0,29006,0.2307,0,5,7,0
107802004,Non,0,29006,0.7693,0,6,8,0
107802004,Syn,0.01037254,29006,0.2307,1.55006418264628e-06,6,8,1.93758022830785e-07
107802005,Non,0,29006,0.7693,0,7,9,0
107802005,Syn,0.01324845,29006,0.2307,1.97983790089795e-06,7,9,2.19981988988662e-07
107802006,Non,0,29006,0.7693,0,8,10,0
107802006,Syn,0.01256092,29006,0.2307,1.87709396088955e-06,8,10,1.87709396088955e-07
107802007,Non,0.1499065,29006,0.7693,6.71795188988049e-06,9,11,6.10722899080044e-07
107802007,Syn,0.009282535,29006,0.2307,1.38717469661823e-06,9,11,1.26106790601657e-07
