cdc_studyid,POS,cdc_specid,date,covqpcr_load,cdc_hhid,participant_type,age_at_enrollment,sex,vaccine_covid_doses,cdc_cov_docordate_doses,cdc_cov_docordate_lastdt,cdc_cov_pos,cdc_cov_firstanyposdt,cdc_ever_symptoms,cdc_symptom_startdt,index_symptom_or_test_date,Days_post_symp,clade,Nextclade_pango,clade_who,vaccinated,AA_mutation,mutation,mutation_type,GFF_FEATURE
101105,8065,101105001,2021-11-05,5.6,10110,2,58,1,2,2,6/25/21,1,11/5/21,1,2021-11-06,11/1/21,-1,21J,AY.103,Delta,1,S2600S,A8065G,Syn,ORF1a
106902,22984,106902001,2022-02-09,6.9,10690,2,46,2,3,3,12/11/21,1,2/9/22,1,2022-02-06,2/3/22,3,21K,BA.1.1.18,Omicron,1,Q474Q,G22984A,Syn,S
106003,28573,106003003,2022-02-04,7.1,10600,2,5,2,2,2,12/3/21,1,2/2/22,1,2022-02-02,1/29/22,2,21K,BA.1.1,Omicron,1,K100N,A28573T,Non,N
104901,25327,104901002,2022-01-28,6.8,10490,1,31,1,2,2,3/17/21,1,1/26/22,1,2022-01-23,1/23/22,5,21K,BA.1.1,Omicron,1,K1255K,A25327G,Syn,S
104901,7384,104901002,2022-01-28,6.8,10490,1,31,1,2,2,3/17/21,1,1/26/22,1,2022-01-23,1/23/22,5,21K,BA.1.1,Omicron,1,Q2373Q,A7384G,Syn,ORF1a
102202,27463,102202006,2021-12-22,4.5,10220,2,31,1,2,2,4/6/21,1,12/19/21,1,2021-12-20,12/15/21,2,21J,AY.103,Delta,1,NA,NA,NA,NA
105103,9717,105103003,2022-01-30,6.2,10510,2,25,3,2,2,10/26/21,1,1/28/22,1,2022-01-25,1/23/22,5,21K,BA.1.1,Omicron,1,K3151R,A9717G,Non,ORF1a
103001,21595,103001002,2022-01-06,6.7,10300,1,65,2,3,3,10/29/21,1,1/4/22,1,2022-01-04,1/4/22,2,21K,BA.1.1,Omicron,1,V11V,T21595C,Syn,S
103401,21614,103401002,2022-01-13,4.5,10340,1,2,1,0,0,NA,1,1/8/22,1,2022-01-07,1/7/22,6,21K,BA.1.1.18,Omicron,0,L18F,C21614T,Non,S
104501,29370,104501002,2022-01-26,7,10450,1,10,2,2,2,11/27/21,1,1/23/22,1,2022-01-22,1/22/22,4,21K,BA.1.15,Omicron,1,T366I,C29370T,Non,N
101105,24621,101105001,2021-11-05,5.6,10110,2,58,1,2,2,6/25/21,1,11/5/21,1,2021-11-06,11/1/21,-1,21J,AY.103,Delta,1,A1020V,C24621T,Non,S
103403,22943,103403001,2022-01-12,NA,10340,2,42,2,3,3,11/2/21,1,1/12/22,1,2022-01-08,1/7/22,4,21K,BA.1.1.18,Omicron,1,L461I,C22943A,Non,S
100601,17745,100601001,2021-10-07,8,10060,1,10,2,0,99,NA,1,10/4/21,1,2021-10-02,10/2/21,5,21J,AY.25,Delta,0,N1426N,C17745T,Syn,ORF1b
103404,23282,103404001,2022-01-12,6.9,10340,2,36,1,3,3,10/7/21,1,1/12/22,1,2022-01-11,1/7/22,1,21K,BA.1.1.18,Omicron,1,D574N,G23282A,Non,S
103801,27434,103801002,2022-01-19,8.4,10380,1,47,1,0,0,NA,1,1/14/22,1,2022-01-14,1/14/22,5,21K,BA.1.15,Omicron,0,T14I,C27434T,Non,ORF7a
104201,335,104201002,2022-01-20,5.9,10420,1,20,1,0,0,NA,1,1/18/22,1,2022-01-16,1/16/22,4,21K,BA.1.1,Omicron,0,R24C,C335T,Non,ORF1a
106103,29742,106103001,2022-02-03,6.7,10610,2,36,1,2,2,3/17/21,1,2/3/22,1,2022-02-03,1/30/22,0,21K,BA.1.15,Omicron,1,NANANA,G29742A,NA,NA
107001,22708,107001002,2022-02-16,5.6,10700,1,62,1,3,3,10/14/21,1,2/12/22,1,2022-02-11,2/11/22,5,21K,BA.1.20,Omicron,1,V382V,G22708A,Syn,S
101105,25021,101105001,2021-11-05,5.6,10110,2,58,1,2,2,6/25/21,1,11/5/21,1,2021-11-06,11/1/21,-1,21J,AY.103,Delta,1,D1153D,T25021C,Syn,S
106103,29733,106103001,2022-02-03,6.7,10610,2,36,1,2,2,3/17/21,1,2/3/22,1,2022-02-03,1/30/22,0,21K,BA.1.15,Omicron,1,NANANA,C29733T,NA,NA
100801,23525,100801001,2021-10-08,8.5,10080,1,34,1,1,1,8/5/21,1,10/7/21,1,2021-10-06,10/6/21,2,21J,AY.103,Delta,1,H655Y,C23525T,Non,S
107501,11075,107501002,2022-02-17,7.2,10750,1,73,1,3,3,11/2/21,1,2/14/22,1,2022-02-11,2/11/22,6,21K,BA.1.1,Omicron,1,F3604L,T11075C,Non,ORF1a
106201,26526,106201002,2022-02-05,7.3,10620,1,56,2,3,3,12/1/21,1,2/3/22,1,2022-02-01,2/1/22,4,21K,BA.1.1,Omicron,1,A2T,G26526A,Non,M
102601,27710,102601002,2021-12-30,4.6,10260,1,9,1,2,2,11/29/21,1,12/27/21,1,2021-12-26,12/26/21,4,21K,BA.1.1,Omicron,1,A106V,C27710T,Non,ORF7a
101102,20609,101102001,2021-11-05,6.2,10110,2,5,2,0,99,NA,1,11/5/21,1,2021-11-02,11/1/21,3,21J,AY.103,Delta,0,M2381T,T20609C,Non,ORF1b
106201,29272,106201002,2022-02-05,7.3,10620,1,56,2,3,3,12/1/21,1,2/3/22,1,2022-02-01,2/1/22,4,21K,BA.1.1,Omicron,1,Y333Y,C29272T,Syn,N
107702,6120,107702004,2022-02-20,8.3,10770,2,27,1,0,0,NA,1,2/17/22,1,2022-02-18,2/14/22,2,21L,BA.2,Omicron,0,S1952L,C6120T,Non,ORF1a
103502,9756,103502001,2022-01-13,6,10350,2,3,1,0,0,NA,1,1/13/22,1,2022-01-12,1/11/22,1,21K,BA.1.1,Omicron,0,R3164H,G9756A,Non,ORF1a
106902,27377,106902001,2022-02-09,6.9,10690,2,46,2,3,3,12/11/21,1,2/9/22,1,2022-02-06,2/3/22,3,21K,BA.1.1.18,Omicron,1,E59A,A27377C,Non,ORF6
107303,11075,107303003,2022-02-13,7.1,10730,2,45,2,2,2,4/28/21,1,2/12/22,1,2022-02-12,2/7/22,1,21K,BA.1.1,Omicron,1,NA,NA,NA,NA
106202,20762,106202004,2022-02-07,4.8,10620,2,66,1,3,3,12/1/21,1,2/5/22,1,2022-02-06,2/1/22,1,21K,BA.1.1,Omicron,1,T2432I,C20762T,Non,ORF1b
101102,21255,101102001,2021-11-05,6.2,10110,2,5,2,0,99,NA,1,11/5/21,1,2021-11-02,11/1/21,3,21J,AY.103,Delta,0,A2596A,G21255T,Syn,ORF1b
102303,29067,102303005,2021-12-25,3.4,10230,2,10,2,1,0,NA,1,12/24/21,1,2021-12-21,12/19/21,4,21K,BA.1.1.18,Omicron,1,T265I,C29067T,Non,N
103002,14928,103002006,2022-01-10,6.1,10300,2,62,1,3,3,11/15/21,1,1/7/22,1,2022-01-05,1/4/22,5,21K,BA.1.1,Omicron,1,N487N,C14928T,Syn,ORF1b
103002,18657,103002006,2022-01-10,6.1,10300,2,62,1,3,3,11/15/21,1,1/7/22,1,2022-01-05,1/4/22,5,21K,BA.1.1,Omicron,1,T1730T,C18657T,Syn,ORF1b
103404,25538,103404001,2022-01-12,6.9,10340,2,36,1,3,3,10/7/21,1,1/12/22,1,2022-01-11,1/7/22,1,21K,BA.1.1.18,Omicron,1,G49V,G25538T,Non,ORF3a
103701,17610,103701002,2022-01-19,5.9,10370,1,29,1,3,3,11/30/21,1,1/15/22,1,2022-01-13,1/13/22,6,21K,BA.1.1,Omicron,1,D1381D,T17610C,Syn,ORF1b
104201,218,104201002,2022-01-20,5.9,10420,1,20,1,0,0,NA,1,1/18/22,1,2022-01-16,1/16/22,4,21K,BA.1.1,Omicron,0,NANANA,C218A,NA,NA
104703,21795,104703003,2022-01-28,1.5,10470,2,42,2,2,2,7/26/21,1,1/26/22,1,2022-01-28,1/24/22,0,21K,BA.1.1,Omicron,1,R78M,G21795T,Non,S
106201,27432,106201002,2022-02-05,7.3,10620,1,56,2,3,3,12/1/21,1,2/3/22,1,2022-02-01,2/1/22,4,21K,BA.1.1,Omicron,1,A13A,T27432A,Syn,ORF7a
107002,12043,107002002,2022-02-16,6.1,10700,2,61,2,3,3,10/7/21,1,2/16/22,1,2022-02-15,2/11/22,1,21K,BA.1.20,Omicron,1,D3926D,C12043T,Syn,ORF1a
100101,13536,100101002,2021-09-30,6.7,10010,1,9,2,0,99,NA,1,9/27/21,1,2021-09-26,9/26/21,4,21J,AY.25,Delta,0,Y23Y,C13536T,Syn,ORF1b
101104,20806,101104001,2021-11-05,6.2,10110,2,32,1,1,0,NA,1,11/5/21,1,2021-11-02,11/1/21,3,21J,AY.103,Delta,1,L2447L,C20806T,Syn,ORF1b
102401,9683,102401002,2021-12-29,7.4,10240,1,28,1,3,3,10/30/21,1,12/27/21,1,2021-12-27,12/27/21,2,21K,BA.1.1.18,Omicron,1,I3140L,A9683C,Non,ORF1a
104701,10408,104701002,2022-01-27,7.1,10470,1,6,2,0,0,NA,1,1/25/22,1,2022-01-24,1/24/22,3,21K,BA.1.1,Omicron,0,Y3381Y,C10408T,Syn,ORF1a
104703,21697,104703003,2022-01-28,1.5,10470,2,42,2,2,2,7/26/21,1,1/26/22,1,2022-01-28,1/24/22,0,21K,BA.1.1,Omicron,1,S45S,C21697A,Syn,S
104901,11075,104901002,2022-01-28,6.8,10490,1,31,1,2,2,3/17/21,1,1/26/22,1,2022-01-23,1/23/22,5,21K,BA.1.1,Omicron,1,F3604L,T11075C,Non,ORF1a
101105,6385,101105001,2021-11-05,5.6,10110,2,58,1,2,2,6/25/21,1,11/5/21,1,2021-11-06,11/1/21,-1,21J,AY.103,Delta,1,A2040A,C6385A,Syn,ORF1a
100601,5462,100601001,2021-10-07,8,10060,1,10,2,0,99,NA,1,10/4/21,1,2021-10-02,10/2/21,5,21J,AY.25,Delta,0,S1733G,A5462G,Non,ORF1a
101105,23679,101105001,2021-11-05,5.6,10110,2,58,1,2,2,6/25/21,1,11/5/21,1,2021-11-06,11/1/21,-1,21J,AY.103,Delta,1,A706V,C23679T,Non,S
102201,11075,102201002,2021-12-18,7.2,10220,1,32,2,2,2,1/29/21,1,12/16/21,1,2021-12-15,12/15/21,3,21J,AY.103,Delta,1,F3604L,T11075C,Non,ORF1a
102201,19983,102201002,2021-12-18,7.2,10220,1,32,2,2,2,1/29/21,1,12/16/21,1,2021-12-15,12/15/21,3,21J,AY.103,Delta,1,V2172V,C19983T,Syn,ORF1b
103403,1218,103403001,2022-01-12,NA,10340,2,42,2,3,3,11/2/21,1,1/12/22,1,2022-01-08,1/7/22,4,21K,BA.1.1.18,Omicron,1,S318L,C1218T,Non,ORF1a
103403,14178,103403001,2022-01-12,NA,10340,2,42,2,3,3,11/2/21,1,1/12/22,1,2022-01-08,1/7/22,4,21K,BA.1.1.18,Omicron,1,T237T,C14178T,Syn,ORF1b
105001,24023,105001003,2022-01-29,6.8,10500,1,37,1,3,3,12/29/21,1,1/26/22,1,2022-01-25,1/25/22,4,21K,BA.1,Omicron,1,L821L,C24023T,Syn,S
105202,22579,105202001,2022-01-28,4.6,10520,2,54,1,2,2,4/29/21,1,1/28/22,1,2022-01-29,1/25/22,-1,21K,BA.1.1,Omicron,1,D339E,T22579A,Non,S
105901,8017,105901002,2022-02-03,6,10590,1,49,1,3,3,12/30/21,1,1/31/22,1,2022-01-28,1/28/22,6,21K,BA.1.1,Omicron,1,A2584A,G8017T,Syn,ORF1a
106002,788,106002001,2022-02-02,6.4,10600,2,9,1,2,2,12/3/21,1,2/2/22,1,2022-01-30,1/29/22,3,21K,BA.1.1,Omicron,1,R175C,C788T,Non,ORF1a
106902,9541,106902001,2022-02-09,6.9,10690,2,46,2,3,3,12/11/21,1,2/9/22,1,2022-02-06,2/3/22,3,21K,BA.1.1.18,Omicron,1,L3092L,C9541T,Syn,ORF1a
107001,12970,107001002,2022-02-16,5.6,10700,1,62,1,3,3,10/14/21,1,2/12/22,1,2022-02-11,2/11/22,5,21K,BA.1.20,Omicron,1,N4235N,C12970T,Syn,ORF1a
101102,12970,101102001,2021-11-05,6.2,10110,2,5,2,0,99,NA,1,11/5/21,1,2021-11-02,11/1/21,3,21J,AY.103,Delta,0,N4235N,C12970T,Syn,ORF1a
103802,11075,103802003,2022-01-20,1.5,10380,2,47,2,3,2,6/1/21,1,1/18/22,1,2022-01-21,1/14/22,-1,21K,BA.1.1.18,Omicron,1,NA,NA,NA,NA
101902,14877,101902001,2021-12-15,7.4,10190,2,32,2,2,2,4/8/21,1,12/15/21,1,2021-12-14,12/11/21,1,21J,AY.103,Delta,1,Y470Y,C14877T,Syn,ORF1b
101902,18312,101902001,2021-12-15,7.4,10190,2,32,2,2,2,4/8/21,1,12/15/21,1,2021-12-14,12/11/21,1,21J,AY.103,Delta,1,V1615V,C18312T,Syn,ORF1b
101902,27997,101902001,2021-12-15,7.4,10190,2,32,2,2,2,4/8/21,1,12/15/21,1,2021-12-14,12/11/21,1,21J,AY.103,Delta,1,D35G,A27997G,Non,ORF8
102603,11075,102603001,2021-12-29,1.5,10260,2,46,2,3,3,11/29/21,1,12/29/21,1,2021-12-30,12/26/21,-1,21K,BA.1.1,Omicron,1,F3604L,T11075C,Non,ORF1a
106003,29349,106003003,2022-02-04,7.1,10600,2,5,2,2,2,12/3/21,1,2/2/22,1,2022-02-02,1/29/22,2,21K,BA.1.1,Omicron,1,A359V,C29349T,Non,N
106902,12340,106902001,2022-02-09,6.9,10690,2,46,2,3,3,12/11/21,1,2/9/22,1,2022-02-06,2/3/22,3,21K,BA.1.1.18,Omicron,1,V4025V,T12340C,Syn,ORF1a
106902,19503,106902001,2022-02-09,6.9,10690,2,46,2,3,3,12/11/21,1,2/9/22,1,2022-02-06,2/3/22,3,21K,BA.1.1.18,Omicron,1,A2012A,T19503C,Syn,ORF1b
106902,23722,106902001,2022-02-09,6.9,10690,2,46,2,3,3,12/11/21,1,2/9/22,1,2022-02-06,2/3/22,3,21K,BA.1.1.18,Omicron,1,I720I,T23722C,Syn,S
107001,8606,107001002,2022-02-16,5.6,10700,1,62,1,3,3,10/14/21,1,2/12/22,1,2022-02-11,2/11/22,5,21K,BA.1.20,Omicron,1,L2781F,C8606T,Non,ORF1a
104201,29635,104201002,2022-01-20,5.9,10420,1,20,1,0,0,NA,1,1/18/22,1,2022-01-16,1/16/22,4,21K,BA.1.1,Omicron,0,NANANA,C29635T,NA,NA
104202,27476,104202001,2022-01-19,7.5,10420,2,21,2,0,0,NA,1,1/19/22,1,2022-01-20,1/16/22,-1,21K,BA.1.1,Omicron,0,T28I,C27476T,Non,ORF7a
105901,22905,105901002,2022-02-03,6,10590,1,49,1,3,3,12/30/21,1,1/31/22,1,2022-01-28,1/28/22,6,21K,BA.1.1,Omicron,1,N448T,A22905C,Non,S
100703,29000,100703001,2021-10-05,4.7,10070,2,57,1,0,99,NA,1,10/5/21,1,2021-10-03,10/2/21,2,21J,AY.1,Delta,0,G243C,G29000T,Non,N
101902,11075,101902001,2021-12-15,7.4,10190,2,32,2,2,2,4/8/21,1,12/15/21,1,2021-12-14,12/11/21,1,21J,AY.103,Delta,1,F3604L,T11075C,Non,ORF1a
105001,13936,105001003,2022-01-29,6.8,10500,1,37,1,3,3,12/29/21,1,1/26/22,1,2022-01-25,1/25/22,4,21K,BA.1,Omicron,1,V157L,G13936T,Non,ORF1b
100301,18928,100301001,2021-09-30,6.4,10030,1,31,2,0,0,NA,1,9/28/21,1,2021-09-27,9/27/21,3,21J,AY.3,Delta,0,P1821S,C18928T,Non,ORF1b
100301,5895,100301001,2021-09-30,6.4,10030,1,31,2,0,0,NA,1,9/28/21,1,2021-09-27,9/27/21,3,21J,AY.3,Delta,0,I1877T,T5895C,Non,ORF1a
102201,21839,102201002,2021-12-18,7.2,10220,1,32,2,2,2,1/29/21,1,12/16/21,1,2021-12-15,12/15/21,3,21J,AY.103,Delta,1,A93S,G21839T,Non,S
102701,1150,102701002,2022-01-05,4.9,10270,1,17,2,0,0,NA,1,1/3/22,1,2022-01-03,1/3/22,2,21K,BA.1.1.18,Omicron,0,G295G,C1150T,Syn,ORF1a
102701,28422,102701002,2022-01-05,4.9,10270,1,17,2,0,0,NA,1,1/3/22,1,2022-01-03,1/3/22,2,21K,BA.1.1.18,Omicron,0,A50V,C28422T,Non,N
103302,1820,103302006,2022-01-17,5.1,10330,2,48,1,3,3,11/6/21,1,1/17/22,1,2022-01-13,1/9/22,4,21K,BA.1.1.18,Omicron,1,G519S,G1820A,Non,ORF1a
103302,25512,103302006,2022-01-17,5.1,10330,2,48,1,3,3,11/6/21,1,1/17/22,1,2022-01-13,1/9/22,4,21K,BA.1.1.18,Omicron,1,S40S,A25512G,Syn,ORF3a
103302,289,103302006,2022-01-17,5.1,10330,2,48,1,3,3,11/6/21,1,1/17/22,1,2022-01-13,1/9/22,4,21K,BA.1.1.18,Omicron,1,F8F,C289T,Syn,ORF1a
103701,4666,103701002,2022-01-19,5.9,10370,1,29,1,3,3,11/30/21,1,1/15/22,1,2022-01-13,1/13/22,6,21K,BA.1.1,Omicron,1,R1467R,A4666G,Syn,ORF1a
103701,877,103701002,2022-01-19,5.9,10370,1,29,1,3,3,11/30/21,1,1/15/22,1,2022-01-13,1/13/22,6,21K,BA.1.1,Omicron,1,L204L,T877C,Syn,ORF1a
105101,19846,105101003,2022-01-30,5.9,10510,1,50,1,3,3,11/12/21,1,1/27/22,1,2022-01-23,1/23/22,7,21K,BA.1.1,Omicron,1,G2127C,G19846T,Non,ORF1b
105701,22673,105701002,2022-02-03,5.5,10570,1,7,2,0,0,NA,1,1/30/22,1,2022-01-29,1/29/22,5,21K,BA.1.1.18,Omicron,0,L371F,C22673T,Non,S
106903,3737,106903001,2022-02-09,6,10690,2,49,1,3,3,11/27/21,1,2/9/22,1,2022-02-05,2/3/22,4,21K,BA.1.1.18,Omicron,1,P1158S,C3737T,Non,ORF1a
107201,13968,107201002,2022-02-12,6.9,10720,1,50,2,2,2,8/29/21,1,2/7/22,1,2022-02-06,2/6/22,6,21K,BA.1,Omicron,1,A167A,C13968T,Syn,ORF1b
106001,29743,106001002,2022-02-03,6.3,10600,1,41,1,3,3,12/3/21,1,1/30/22,1,2022-01-29,1/29/22,5,21K,BA.1.1,Omicron,1,NANANA,C29743T,NA,NA
100601,29421,100601001,2021-10-07,8,10060,1,10,2,0,99,NA,1,10/4/21,1,2021-10-02,10/2/21,5,21J,AY.25,Delta,0,P383L,C29421T,Non,N
106902,12025,106902001,2022-02-09,6.9,10690,2,46,2,3,3,12/11/21,1,2/9/22,1,2022-02-06,2/3/22,3,21K,BA.1.1.18,Omicron,1,S3920S,C12025T,Syn,ORF1a
106902,7932,106902001,2022-02-09,6.9,10690,2,46,2,3,3,12/11/21,1,2/9/22,1,2022-02-06,2/3/22,3,21K,BA.1.1.18,Omicron,1,S2556L,C7932T,Non,ORF1a
101102,7973,101102001,2021-11-05,6.2,10110,2,5,2,0,99,NA,1,11/5/21,1,2021-11-02,11/1/21,3,21J,AY.103,Delta,0,L2570L,C7973T,Syn,ORF1a
102301,29738,102301002,2021-12-22,6.2,10230,1,8,2,0,0,NA,1,12/20/21,1,2021-12-19,12/19/21,3,21K,BA.1.1.18,Omicron,0,NANANA,C29738T,NA,NA
103401,11075,103401002,2022-01-13,4.5,10340,1,2,1,0,0,NA,1,1/8/22,1,2022-01-07,1/7/22,6,21K,BA.1.1.18,Omicron,0,F3604L,T11075C,Non,ORF1a
107301,11075,107301002,2022-02-12,5.3,10730,1,43,1,3,3,11/20/21,1,2/8/22,1,2022-02-07,2/7/22,5,21K,BA.1.1,Omicron,1,F3604L,T11075C,Non,ORF1a
103402,6160,103402001,2022-01-12,5.3,10340,2,6,1,2,2,11/30/21,1,1/12/22,1,2022-01-12,1/7/22,0,21K,BA.1.1.18,Omicron,1,G1965G,T6160A,Syn,ORF1a
107002,25609,107002002,2022-02-16,6.1,10700,2,61,2,3,3,10/7/21,1,2/16/22,1,2022-02-15,2/11/22,1,21K,BA.1.20,Omicron,1,L73F,C25609T,Non,ORF3a
102301,21811,102301002,2021-12-22,6.2,10230,1,8,2,0,0,NA,1,12/20/21,1,2021-12-19,12/19/21,3,21K,BA.1.1.18,Omicron,0,V83V,C21811A,Syn,S
102701,23040,102701002,2022-01-05,4.9,10270,1,17,2,0,0,NA,1,1/3/22,1,2022-01-03,1/3/22,2,21K,BA.1.1.18,Omicron,0,R493Q,G23040A,Non,S
102701,929,102701002,2022-01-05,4.9,10270,1,17,2,0,0,NA,1,1/3/22,1,2022-01-03,1/3/22,2,21K,BA.1.1.18,Omicron,0,I222V,A929G,Non,ORF1a
103801,11075,103801002,2022-01-19,8.4,10380,1,47,1,0,0,NA,1,1/14/22,1,2022-01-14,1/14/22,5,21K,BA.1.15,Omicron,0,F3604L,T11075C,Non,ORF1a
104703,5784,104703003,2022-01-28,1.5,10470,2,42,2,2,2,7/26/21,1,1/26/22,1,2022-01-28,1/24/22,0,21K,BA.1.1,Omicron,1,T1840I,C5784T,Non,ORF1a
105101,22916,105101003,2022-01-30,5.9,10510,1,50,1,3,3,11/12/21,1,1/27/22,1,2022-01-23,1/23/22,7,21K,BA.1.1,Omicron,1,L452L,C22916T,Syn,S
105103,17634,105103003,2022-01-30,6.2,10510,2,25,3,2,2,10/26/21,1,1/28/22,1,2022-01-25,1/23/22,5,21K,BA.1.1,Omicron,1,D1389D,C17634T,Syn,ORF1b
102603,21249,102603001,2021-12-29,1.5,10260,2,46,2,3,3,11/29/21,1,12/29/21,1,2021-12-30,12/26/21,-1,21K,BA.1.1,Omicron,1,V2594V,G21249T,Syn,ORF1b
107001,25613,107001002,2022-02-16,5.6,10700,1,62,1,3,3,10/14/21,1,2/12/22,1,2022-02-11,2/11/22,5,21K,BA.1.20,Omicron,1,S74F,C25613T,Non,ORF3a
101201,859,101201001,2021-11-08,5.2,10120,1,11,1,0,0,NA,1,11/6/21,1,2021-11-04,11/4/21,4,21J,AY.100,Delta,0,L198L,T859A,Syn,ORF1a
102602,23749,102602001,2021-12-29,6,10260,2,12,1,2,2,9/22/21,1,12/29/21,1,2021-12-27,12/26/21,2,21K,BA.1.1,Omicron,1,V729V,G23749T,Syn,S
102602,3745,102602001,2021-12-29,6,10260,2,12,1,2,2,9/22/21,1,12/29/21,1,2021-12-27,12/26/21,2,21K,BA.1.1,Omicron,1,H1160Q,T3745G,Non,ORF1a
103502,5314,103502001,2022-01-13,6,10350,2,3,1,0,0,NA,1,1/13/22,1,2022-01-12,1/11/22,1,21K,BA.1.1,Omicron,0,L1683L,C5314T,Syn,ORF1a
104201,19632,104201002,2022-01-20,5.9,10420,1,20,1,0,0,NA,1,1/18/22,1,2022-01-16,1/16/22,4,21K,BA.1.1,Omicron,0,N2055K,T19632A,Non,ORF1b
107002,27384,107002002,2022-02-16,6.1,10700,2,61,2,3,3,10/7/21,1,2/16/22,1,2022-02-15,2/11/22,1,21K,BA.1.20,Omicron,1,D61D,T27384C,Syn,ORF6
107702,11075,107702004,2022-02-20,8.3,10770,2,27,1,0,0,NA,1,2/17/22,1,2022-02-18,2/14/22,2,21L,BA.2,Omicron,0,NA,NA,NA,NA
101102,26801,101102001,2021-11-05,6.2,10110,2,5,2,0,99,NA,1,11/5/21,1,2021-11-02,11/1/21,3,21J,AY.103,Delta,0,L93L,C26801T,Syn,M
106903,18570,106903001,2022-02-09,6,10690,2,49,1,3,3,11/27/21,1,2/9/22,1,2022-02-05,2/3/22,4,21K,BA.1.1.18,Omicron,1,L1701L,C18570T,Syn,ORF1b
103901,11075,103901003,2022-01-21,7.8,10390,1,84,1,2,2,2/21/21,1,1/17/22,1,2022-01-16,1/16/22,5,21K,BA.1.1.18,Omicron,1,F3604L,T11075C,Non,ORF1a
103802,1426,103802003,2022-01-20,1.5,10380,2,47,2,3,2,6/1/21,1,1/18/22,1,2022-01-21,1/14/22,-1,21K,BA.1.1.18,Omicron,1,Y387Y,C1426T,Syn,ORF1a
103502,17994,103502001,2022-01-13,6,10350,2,3,1,0,0,NA,1,1/13/22,1,2022-01-12,1/11/22,1,21K,BA.1.1,Omicron,0,Q1509Q,A17994G,Syn,ORF1b
103101,3720,103101002,2022-01-11,5.7,10310,1,39,1,2,2,2/26/21,1,1/9/22,1,2022-01-07,1/7/22,4,21K,BA.1.1,Omicron,1,G1152D,G3720A,Non,ORF1a
103701,12008,103701002,2022-01-19,5.9,10370,1,29,1,3,3,11/30/21,1,1/15/22,1,2022-01-13,1/13/22,6,21K,BA.1.1,Omicron,1,L3915F,C12008T,Non,ORF1a
103701,25556,103701002,2022-01-19,5.9,10370,1,29,1,3,3,11/30/21,1,1/15/22,1,2022-01-13,1/13/22,6,21K,BA.1.1,Omicron,1,V55G,T25556G,Non,ORF3a
106101,22591,106101002,2022-02-04,6,10610,1,8,1,2,2,12/9/21,1,1/31/22,1,2022-01-30,1/30/22,5,21K,BA.1.15,Omicron,1,N343N,C22591T,Syn,S
107201,23987,107201002,2022-02-12,6.9,10720,1,50,2,2,2,8/29/21,1,2/7/22,1,2022-02-06,2/6/22,6,21K,BA.1,Omicron,1,P809T,C23987A,Non,S
107301,27407,107301002,2022-02-12,5.3,10730,1,43,1,3,3,11/20/21,1,2/8/22,1,2022-02-07,2/7/22,5,21K,BA.1.1,Omicron,1,L5P,T27407C,Non,ORF7a
107802,11075,107802001,2022-02-18,5.2,10780,2,48,1,0,0,NA,1,2/18/22,1,2022-02-15,2/13/22,3,21K,BA.1.1,Omicron,0,F3604L,T11075C,Non,ORF1a
107802,15525,107802001,2022-02-18,5.2,10780,2,48,1,0,0,NA,1,2/18/22,1,2022-02-15,2/13/22,3,21K,BA.1.1,Omicron,0,N686N,C15525T,Syn,ORF1b
103201,21510,103201002,2022-01-12,7.2,10320,1,61,2,2,2,4/29/21,1,1/10/22,1,2022-01-06,1/6/22,6,21K,BA.1.1,Omicron,1,E2681E,A21510G,Syn,ORF1b
105801,21219,105801002,2022-02-03,6.1,10580,1,9,2,1,1,12/17/21,1,2/1/22,1,2022-01-31,1/31/22,3,21K,BA.1.15.2,Omicron,1,F2584F,C21219T,Syn,ORF1b
106902,7712,106902001,2022-02-09,6.9,10690,2,46,2,3,3,12/11/21,1,2/9/22,1,2022-02-06,2/3/22,3,21K,BA.1.1.18,Omicron,1,P2483S,C7712T,Non,ORF1a
101902,20624,101902001,2021-12-15,7.4,10190,2,32,2,2,2,4/8/21,1,12/15/21,1,2021-12-14,12/11/21,1,21J,AY.103,Delta,1,D2386G,A20624G,Non,ORF1b
100801,23282,100801001,2021-10-08,8.5,10080,1,34,1,1,1,8/5/21,1,10/7/21,1,2021-10-06,10/6/21,2,21J,AY.103,Delta,1,D574Y,G23282T,Non,S
101703,901,101703003,2021-12-15,6.1,10170,2,10,2,0,99,NA,1,12/13/21,1,2021-12-13,12/7/21,2,21J,AY.103,Delta,0,S212S,A901G,Syn,ORF1a
102401,6990,102401002,2021-12-29,7.4,10240,1,28,1,3,3,10/30/21,1,12/27/21,1,2021-12-27,12/27/21,2,21K,BA.1.1.18,Omicron,1,S2242F,C6990T,Non,ORF1a
102801,23282,102801002,2022-01-05,5.3,10280,1,39,2,3,3,12/11/21,1,1/3/22,1,2021-12-31,12/31/21,5,21K,BA.1.1.18,Omicron,1,D574N,G23282A,Non,S
102603,21614,102603001,2021-12-29,1.5,10260,2,46,2,3,3,11/29/21,1,12/29/21,1,2021-12-30,12/26/21,-1,21K,BA.1.1,Omicron,1,L18F,C21614T,Non,S
103801,24904,103801002,2022-01-19,8.4,10380,1,47,1,0,0,NA,1,1/14/22,1,2022-01-14,1/14/22,5,21K,BA.1.15,Omicron,0,I1114I,C24904T,Syn,S
100801,27243,100801001,2021-10-08,8.5,10080,1,34,1,1,1,8/5/21,1,10/7/21,1,2021-10-06,10/6/21,2,21J,AY.103,Delta,1,I14M,A27243G,Non,ORF6
107501,25002,107501002,2022-02-17,7.2,10750,1,73,1,3,3,11/2/21,1,2/14/22,1,2022-02-11,2/11/22,6,21K,BA.1.1,Omicron,1,S1147L,C25002T,Non,S
100101,27689,100101002,2021-09-30,6.7,10010,1,9,2,0,99,NA,1,9/27/21,1,2021-09-26,9/26/21,4,21J,AY.25,Delta,0,P99L,C27689T,Non,ORF7a
100301,11075,100301001,2021-09-30,6.4,10030,1,31,2,0,0,NA,1,9/28/21,1,2021-09-27,9/27/21,3,21J,AY.3,Delta,0,F3604L,T11075C,Non,ORF1a
103202,11075,103202001,2022-01-11,7.3,10320,2,54,1,2,2,4/29/21,1,1/11/22,1,2022-01-09,1/6/22,2,21K,BA.1.1,Omicron,1,NA,NA,NA,NA
107303,8366,107303003,2022-02-13,7.1,10730,2,45,2,2,2,4/28/21,1,2/12/22,1,2022-02-12,2/7/22,1,21K,BA.1.1,Omicron,1,A2701T,G8366A,Non,ORF1a
101102,19859,101102001,2021-11-05,6.2,10110,2,5,2,0,99,NA,1,11/5/21,1,2021-11-02,11/1/21,3,21J,AY.103,Delta,0,A2131V,C19859T,Non,ORF1b
106101,27679,106101002,2022-02-04,6,10610,1,8,1,2,2,12/9/21,1,1/31/22,1,2022-01-30,1/30/22,5,21K,BA.1.15,Omicron,1,L96F,C27679T,Non,ORF7a
103801,13559,103801002,2022-01-19,8.4,10380,1,47,1,0,0,NA,1,1/14/22,1,2022-01-14,1/14/22,5,21K,BA.1.15,Omicron,0,D31G,A13559G,Non,ORF1b
100801,20823,100801001,2021-10-08,8.5,10080,1,34,1,1,1,8/5/21,1,10/7/21,1,2021-10-06,10/6/21,2,21J,AY.103,Delta,1,N2452N,C20823T,Syn,ORF1b
107702,2102,107702004,2022-02-20,8.3,10770,2,27,1,0,0,NA,1,2/17/22,1,2022-02-18,2/14/22,2,21L,BA.2,Omicron,0,L613L,C2102T,Syn,ORF1a
100601,8689,100601001,2021-10-07,8,10060,1,10,2,0,99,NA,1,10/4/21,1,2021-10-02,10/2/21,5,21J,AY.25,Delta,0,G2808G,A8689G,Syn,ORF1a
105001,21145,105001003,2022-01-29,6.8,10500,1,37,1,3,3,12/29/21,1,1/26/22,1,2022-01-25,1/25/22,4,21K,BA.1,Omicron,1,L2560F,C21145T,Non,ORF1b
101201,22899,101201001,2021-11-08,5.2,10120,1,11,1,0,0,NA,1,11/6/21,1,2021-11-04,11/4/21,4,21J,AY.100,Delta,0,G446V,G22899T,Non,S
102201,2057,102201002,2021-12-18,7.2,10220,1,32,2,2,2,1/29/21,1,12/16/21,1,2021-12-15,12/15/21,3,21J,AY.103,Delta,1,M598L,A2057C,Non,ORF1a
102301,27382,102301002,2021-12-22,6.2,10230,1,8,2,0,0,NA,1,12/20/21,1,2021-12-19,12/19/21,3,21K,BA.1.1.18,Omicron,0,D61H,G27382C,Non,ORF6
102301,27383,102301002,2021-12-22,6.2,10230,1,8,2,0,0,NA,1,12/20/21,1,2021-12-19,12/19/21,3,21K,BA.1.1.18,Omicron,0,D61V,A27383T,Non,ORF6
102301,27384,102301002,2021-12-22,6.2,10230,1,8,2,0,0,NA,1,12/20/21,1,2021-12-19,12/19/21,3,21K,BA.1.1.18,Omicron,0,D61D,T27384C,Syn,ORF6
107002,25048,107002002,2022-02-16,6.1,10700,2,61,2,3,3,10/7/21,1,2/16/22,1,2022-02-15,2/11/22,1,21K,BA.1.20,Omicron,1,P1162P,A25048T,Syn,S
101703,28054,101703003,2021-12-15,6.1,10170,2,10,2,0,99,NA,1,12/13/21,1,2021-12-13,12/7/21,2,21J,AY.103,Delta,0,NA,NA,NA,NA
106902,28230,106902001,2022-02-09,6.9,10690,2,46,2,3,3,12/11/21,1,2/9/22,1,2022-02-06,2/3/22,3,21K,BA.1.1.18,Omicron,1,D113Y,G28230T,Non,ORF8
106902,343,106902001,2022-02-09,6.9,10690,2,46,2,3,3,12/11/21,1,2/9/22,1,2022-02-06,2/3/22,3,21K,BA.1.1.18,Omicron,1,V26V,G343T,Syn,ORF1a
106902,8299,106902001,2022-02-09,6.9,10690,2,46,2,3,3,12/11/21,1,2/9/22,1,2022-02-06,2/3/22,3,21K,BA.1.1.18,Omicron,1,N2678N,C8299T,Syn,ORF1a
107702,4548,107702004,2022-02-20,8.3,10770,2,27,1,0,0,NA,1,2/17/22,1,2022-02-18,2/14/22,2,21L,BA.2,Omicron,0,K1428R,A4548G,Non,ORF1a
