hhsubid_pos,mean_s,mean_lower_95,mean_upper_95,minus_sd_s,minus_sd_lower_95,minus_sd_upper_95,plus_sd_s,plus_sd_lower_95,plus_sd_upper_95,mean_pos_selection,minus_sd_pos_selection,plus_sd_pos_selection,POS,REF,ALT,GFF_FEATURE,AA_mutation,mutation_type,cdc_studyid,age_at_enrollment,sex,clade,vaccine_covid_doses,vaccinated,mutation,Days_post_symp,non_spike_AA
103404-23282,0.38677793346,0.212996,0.499779,0.341488872551,0.0712717,0.499469,0.4011535966,0.0712717,0.499469,TRUE,TRUE,TRUE,23282,G,A,S,D574N,Non,103404,36,1,21K,3,1,G23282A,5,NA
103801-27434,0.4143233524,0.266372,0.499977,0.4122294633,0.261045,0.499915,0.418219199,0.261045,0.499915,TRUE,TRUE,TRUE,27434,C,T,ORF7a,T14I,Non,103801,47,1,21K,0,0,C27434T,8,C27434T
103403-1218,0.4155057152,0.281903,0.499981,0.40068738306,0.217953,0.499729,0.4235794017,0.217953,0.499729,TRUE,TRUE,TRUE,1218,C,T,ORF1a,S318L,Non,103403,42,2,21K,3,1,C1218T,6,C1218T
103403-14178,0.421986892,0.284362,0.499979,0.420018519500001,0.276802,0.499997,0.428995811,0.276802,0.499997,TRUE,TRUE,TRUE,14178,C,T,ORF1b,T237T,Syn,103403,42,2,21K,3,1,C14178T,6,C14178T
105202-22579,0.37183335986,0.163991,0.499986,0.3515016651,0.135695,0.499796,0.3840304123,0.135695,0.499796,TRUE,TRUE,TRUE,22579,T,A,S,D339E,Non,105202,54,1,21K,2,1,T22579A,1,NA
103403-22943,0.436874855,0.334828,0.499731,0.422557256,0.299416,0.499777,0.444784722000001,0.299416,0.499777,TRUE,TRUE,TRUE,22943,C,A,S,L461I,Non,103403,42,2,21K,3,1,C22943A,6,NA
105901-22905,0.443149413,0.348462,0.499933,0.426598562,0.312801,0.499911,0.448765779,0.312801,0.499911,TRUE,TRUE,TRUE,22905,A,C,S,N448T,Non,105901,49,1,21K,3,1,A22905C,8,NA
103801-24904,0.439206361,0.331972,0.49986,0.424232528,0.289921,0.49988,0.438348148999999,0.289921,0.49988,TRUE,TRUE,TRUE,24904,C,T,S,I1114I,Syn,103801,47,1,21K,0,0,C24904T,10,NA
102801-23282,0.41807759,0.287561,0.499846,0.3996960635,0.247217,0.499995,0.432905048,0.247217,0.499995,TRUE,TRUE,TRUE,23282,G,A,S,D574N,Non,102801,39,2,21K,3,1,G23282A,5,NA
104501-29370,0.28217820902,0.114442,0.49958,0.2395548244,0.0398708,0.4841,0.30122418637,0.0398708,0.4841,TRUE,TRUE,TRUE,29370,C,T,N,T366I,Non,104501,10,2,21K,2,1,C29370T,4,C29370T
101703-28054,0.4009197489,0.257091,0.499946,0.34722935893,0.106803,0.499898,0.4181404273,0.106803,0.499898,TRUE,TRUE,TRUE,28054,C,T,ORF8,S54L,Non,101703,10,2,21J,0,0,C28054T,2,C28054T
102603-21249,0.3603480045,0.181335,0.499967,0.34005213967,0.156421,0.498915,0.3639565957,0.156421,0.498915,TRUE,TRUE,TRUE,21249,G,T,ORF1b,V2594V,Syn,102603,46,2,21K,3,1,G21249T,4,G21249T
107201-23987,0.3707957153,0.154001,0.499953,0.332268847028,0.0862855,0.499885,0.38211974536,0.0862855,0.499885,TRUE,TRUE,TRUE,23987,C,A,S,P809T,Non,107201,50,2,21K,2,1,C23987A,6,NA
